student_id,student_name,email,program,year_of_study,enrollment_date,attendance_rate,vle_logins_last_week,vle_time_hours_last_week,assignments_submitted_on_time,assignments_submitted_late,last_assessment_grade,previous_semester_gpa,is_commuter,works_part_time,has_declared_disability,is_international,financial_support,engagement_trend,accessed_upcoming_assessment_brief,days_to_nearest_assessment,last_alert_date,alert_response_status,risk_score_pre_intervention,prior_intervention_count,prior_interventions_improved,risk_score,risk_level,intervention_history_stress
STU0001,Ruth Griffiths,ruth.griffiths@student.chester.ac.uk,Business Analytics,1,2024-10-27,68.98,2,0.65,5,0,37,1.87,True,True,False,False,Full,Stable,False,9,,,56,1,0,54,Medium,49.0
STU0002,Henry Smith,henry.smith@student.chester.ac.uk,Engineering,2,2024-09-05,99.8,12,6.52,7,0,85,2.73,False,False,False,True,Partial,Stable,True,17,,,8,0,0,6,Low,0.0
STU0003,Bradley Newman,bradley.newman@student.chester.ac.uk,Engineering,2,2024-09-12,77.72,1,0.82,6,0,60,2.37,False,True,False,True,None,Declining,False,21,,,48,0,0,37,Medium,0.0
STU0004,Sian Cox,sian.cox@student.chester.ac.uk,Psychology,3,2024-09-09,84.25,6,6.43,6,1,64,2.42,True,False,False,False,None,Improving,False,17,,,12,0,0,9,Low,0.0
STU0005,Janice Hopkins,janice.hopkins@student.chester.ac.uk,Engineering,2,2024-09-03,64.2,3,2.87,4,0,67,2.51,True,False,False,True,Partial,Improving,False,16,,,30,0,0,23,Low,0.0
STU0006,Mary Higgins,mary.higgins@student.chester.ac.uk,Business Analytics,3,2024-09-04,81.84,5,5.52,5,0,67,2.78,True,True,False,False,Full,Improving,False,9,,,13,0,0,10,Low,0.0
STU0007,Colin Lloyd,colin.lloyd@student.chester.ac.uk,Business Analytics,1,2024-09-16,84.7,8,4.39,6,0,57,2.41,False,False,False,False,Partial,Declining,True,16,,,21,0,0,16,Low,0.0
STU0008,Leanne Foster,leanne.foster@student.chester.ac.uk,Computer Science,1,2024-10-21,77.82,3,3.44,6,0,68,3.22,False,False,False,False,Full,Declining,False,15,,,41,0,0,32,Low,0.0
STU0009,Chelsea Ryan,chelsea.ryan@student.chester.ac.uk,Computer Science,2,2024-09-26,71.36,1,1.89,4,0,51,1.72,True,False,False,False,Partial,Declining,False,10,,,56,1,1,46,Medium,11.0
STU0010,Francesca Harrison,francesca.harrison@student.chester.ac.uk,Engineering,3,2024-10-20,86.95,12,9.24,4,0,84,3.16,False,False,False,False,Full,Declining,True,6,,,17,0,0,13,Low,0.0
STU0011,Samantha Quinn,samantha.quinn@student.chester.ac.uk,Engineering,2,2024-10-23,49.37,2,5.23,2,1,52,1.71,False,False,False,False,None,Declining,False,15,,,54,1,1,45,Medium,11.0
STU0012,Joan White,joan.white@student.chester.ac.uk,Data Science,1,2024-09-09,66.94,1,0.84,4,1,49,1.55,False,False,False,False,Full,Stable,False,17,2025-03-22,Meeting Scheduled,57,3,1,57,Medium,58.33
STU0013,Thomas Reed,thomas.reed@student.chester.ac.uk,Engineering,2,2024-10-01,90.05,15,8.23,7,0,66,3.37,False,False,True,True,None,Improving,True,11,,,4,1,0,14,Low,49.0
STU0014,Sam Harrison,sam.harrison@student.chester.ac.uk,Data Science,1,2024-09-17,81.32,10,2.59,5,0,90,3.12,True,True,False,False,None,Stable,True,21,2025-02-06,Responded,18,0,0,14,Low,0.0
STU0015,Maurice White,maurice.white@student.chester.ac.uk,Data Science,2,2024-10-12,88.89,8,6.63,6,1,82,3.21,False,False,False,False,Full,Improving,True,21,,,7,0,0,5,Low,0.0
STU0016,Robin Andrews,robin.andrews@student.chester.ac.uk,Psychology,2,2024-10-08,90.36,22,13.15,7,1,88,2.46,False,False,False,False,None,Stable,True,18,,,11,0,0,9,Low,0.0
STU0017,Tom Warner,tom.warner@student.chester.ac.uk,Data Science,1,2024-09-26,83.34,2,1.21,6,0,77,2.83,False,True,False,True,Full,Declining,True,14,,,38,0,0,30,Low,0.0
STU0018,Jessica Glover,jessica.glover@student.chester.ac.uk,Data Science,3,2024-09-26,65.97,0,0.0,2,0,58,1.82,True,True,False,True,None,Declining,False,7,,,62,2,1,57,Medium,41.0
STU0019,Leigh Butler,leigh.butler@student.chester.ac.uk,Business Analytics,3,2024-10-16,71.56,3,4.13,5,0,59,2.87,False,False,False,False,Full,Declining,False,19,2025-02-06,Responded,40,0,0,31,Low,0.0
STU0020,Samuel Elliott,samuel.elliott@student.chester.ac.uk,Computer Science,3,2024-09-12,98.19,8,2.77,4,0,84,3.15,True,False,False,False,Full,Improving,True,13,2025-02-27,Responded,16,1,0,23,Low,49.0
STU0021,Paula Harvey,paula.harvey@student.chester.ac.uk,Psychology,1,2024-10-13,78.58,1,1.15,4,0,48,2.37,False,True,True,False,Partial,Declining,False,8,2025-02-09,No Response,55,2,1,52,Medium,41.0
STU0022,Gemma Ferguson,gemma.ferguson@student.chester.ac.uk,Engineering,3,2024-10-05,70.68,3,1.08,2,1,47,1.48,False,True,False,False,Partial,Declining,False,10,,,54,1,0,53,Medium,49.0
STU0023,Billy Norton,billy.norton@student.chester.ac.uk,Business Analytics,1,2024-10-21,66.51,0,2.85,1,1,72,2.73,False,False,True,False,None,Stable,False,14,,,47,0,0,37,Medium,0.0
STU0024,Marian Young,marian.young@student.chester.ac.uk,Data Science,2,2024-10-18,88.34,9,6.25,4,0,70,2.33,False,False,False,False,Partial,Improving,True,12,,,6,0,0,5,Low,0.0
STU0025,Linda Mellor,linda.mellor@student.chester.ac.uk,Data Science,3,2024-09-15,86.86,11,7.2,5,1,74,2.76,False,True,True,False,Partial,Improving,False,10,,,8,1,0,17,Low,49.0
STU0026,Geraldine Rees,geraldine.rees@student.chester.ac.uk,Business Analytics,2,2024-10-23,90.05,8,2.81,7,0,79,3.44,False,False,False,False,Full,Improving,True,13,,,13,0,0,10,Low,0.0
STU0027,Irene Wilson,irene.wilson@student.chester.ac.uk,Business Analytics,3,2024-09-10,62.56,0,0.0,2,0,54,2.71,True,False,False,False,Full,Improving,False,21,,,61,1,0,58,Medium,49.0
STU0028,Gregory Robinson,gregory.robinson@student.chester.ac.uk,Data Science,1,2024-09-27,84.73,11,7.78,7,0,79,3.84,True,False,False,False,Full,Improving,True,7,,,10,0,0,8,Low,0.0
STU0029,Donald Taylor,donald.taylor@student.chester.ac.uk,Psychology,2,2024-09-09,83.04,11,8.05,6,0,76,2.47,True,False,False,True,Partial,Improving,True,13,,,4,0,0,3,Low,0.0
STU0030,Jessica White,jessica.white@student.chester.ac.uk,Computer Science,1,2024-10-31,79.16,12,8.71,5,0,74,3.16,True,False,False,False,None,Improving,True,6,,,5,1,1,6,Low,11.0
STU0031,Heather Lee,heather.lee@student.chester.ac.uk,Engineering,3,2024-10-24,87.84,12,3.63,4,0,86,2.81,False,True,False,True,Full,Improving,False,18,,,16,1,0,23,Low,49.0
STU0032,Ben Middleton,ben.middleton@student.chester.ac.uk,Data Science,3,2024-09-13,78.61,5,3.99,3,0,76,2.63,False,False,False,False,None,Declining,False,5,,,31,0,0,24,Low,0.0
STU0033,Rhys Davies,rhys.davies@student.chester.ac.uk,Psychology,1,2024-09-21,96.44,8,2.16,5,0,81,3.06,True,True,False,True,None,Declining,False,3,,,32,0,0,25,Low,0.0
STU0034,Rita Cross,rita.cross@student.chester.ac.uk,Business Analytics,1,2024-09-21,80.29,8,3.61,6,0,69,2.35,False,True,False,False,None,Stable,False,19,,,19,0,0,15,Low,0.0
STU0035,Eileen Hammond,eileen.hammond@student.chester.ac.uk,Engineering,1,2024-09-11,69.63,1,0.41,3,1,53,2.91,False,True,True,False,Partial,Declining,False,15,2025-03-13,Responded,61,0,0,48,Medium,0.0
STU0036,Heather Thompson,heather.thompson@student.chester.ac.uk,Engineering,3,2024-09-23,81.11,14,5.75,6,0,82,2.53,True,True,False,False,Full,Stable,True,5,,,10,0,0,8,Low,0.0
STU0037,Duncan Humphries,duncan.humphries@student.chester.ac.uk,Business Analytics,1,2024-09-14,79.37,5,4.8,6,0,53,1.9,False,True,True,True,Partial,Declining,True,15,,,14,0,0,11,Low,0.0
STU0038,Jessica Dixon,jessica.dixon@student.chester.ac.uk,Psychology,1,2024-09-11,67.28,1,0.3,3,1,69,2.82,True,True,False,False,Partial,Stable,False,4,,,53,1,1,44,Medium,11.0
STU0039,Ruth Holmes,ruth.holmes@student.chester.ac.uk,Data Science,2,2024-10-03,82.82,4,2.86,5,0,68,2.57,False,True,False,False,Partial,Declining,False,17,2025-02-19,Responded,32,0,0,25,Low,0.0
STU0040,Gerald Richardson,gerald.richardson@student.chester.ac.uk,Data Science,1,2024-09-30,86.62,10,7.39,5,1,83,2.88,False,False,False,False,Partial,Improving,False,20,,,13,0,0,10,Low,0.0
STU0041,William Wilson,william.wilson@student.chester.ac.uk,Business Analytics,1,2024-09-11,68.79,10,4.27,7,0,100,3.36,False,False,False,True,None,Declining,True,20,,,19,0,0,15,Low,0.0
STU0042,Ryan Nelson,ryan.nelson@student.chester.ac.uk,Data Science,1,2024-09-04,95.28,15,11.68,7,0,79,3.2,False,False,False,False,Full,Improving,True,11,2025-03-07,Responded,3,0,0,2,Low,0.0
STU0043,Joanne Phillips,joanne.phillips@student.chester.ac.uk,Computer Science,2,2024-09-15,97.66,21,11.42,7,0,90,4.0,True,False,False,False,Partial,Improving,True,12,,,7,0,0,5,Low,0.0
STU0044,Phillip Johnston,phillip.johnston@student.chester.ac.uk,Psychology,2,2024-09-10,81.4,7,2.17,4,1,58,2.83,False,True,True,False,None,Improving,True,20,2025-03-08,No Response,18,0,0,14,Low,0.0
STU0045,Kirsty Hawkins,kirsty.hawkins@student.chester.ac.uk,Engineering,1,2024-10-13,67.03,0,0.19,1,0,52,1.93,False,False,False,False,Partial,Declining,True,8,,,62,4,2,62,Medium,63.0
STU0046,Guy Kelly,guy.kelly@student.chester.ac.uk,Computer Science,3,2024-09-09,60.63,7,4.85,7,0,100,2.99,True,False,False,False,None,Improving,True,11,,,9,0,0,7,Low,0.0
STU0047,Dawn Byrne,dawn.byrne@student.chester.ac.uk,Data Science,2,2024-09-19,66.73,11,8.13,7,1,86,3.35,False,False,False,True,None,Improving,False,4,2025-02-28,Responded,15,0,0,12,Low,0.0
STU0048,Carly Hale,carly.hale@student.chester.ac.uk,Business Analytics,2,2024-09-28,86.57,11,8.75,6,0,85,3.11,True,False,False,False,Partial,Declining,False,13,,,21,0,0,16,Low,0.0
STU0049,Arthur Davidson,arthur.davidson@student.chester.ac.uk,Data Science,2,2024-10-11,61.89,1,1.52,3,1,67,2.39,True,False,False,False,Full,Declining,False,10,2025-02-16,No Response,59,2,0,59,Medium,60.0
STU0050,Chelsea Powell,chelsea.powell@student.chester.ac.uk,Data Science,1,2024-09-12,74.66,7,3.21,6,0,71,2.99,False,False,True,False,Full,Improving,True,20,2025-02-09,Responded,6,0,0,5,Low,0.0
STU0051,Fiona Rowe,fiona.rowe@student.chester.ac.uk,Data Science,2,2024-10-02,44.07,2,3.64,0,1,29,1.64,False,False,False,False,None,Declining,False,16,,,77,3,1,73,High,58.33
STU0052,Carole Matthews,carole.matthews@student.chester.ac.uk,Data Science,1,2024-10-03,66.06,6,2.56,4,1,96,3.65,False,False,False,False,None,Improving,True,8,,,21,0,0,16,Low,0.0
STU0053,Gerald Turner,gerald.turner@student.chester.ac.uk,Engineering,3,2024-10-14,60.29,1,0.37,3,0,23,1.73,True,False,False,False,Full,Stable,False,17,,,78,1,1,63,Medium,11.0
STU0054,Ashley Bond,ashley.bond@student.chester.ac.uk,Computer Science,1,2024-09-11,66.42,2,0.79,4,1,81,2.4,False,True,False,False,None,Declining,False,6,,,53,5,2,58,Medium,77.8
STU0055,George Davey,george.davey@student.chester.ac.uk,Engineering,1,2024-10-17,89.92,2,1.65,2,0,70,1.86,True,True,False,True,None,Improving,False,13,,,36,0,0,28,Low,0.0
STU0056,Jamie Gould,jamie.gould@student.chester.ac.uk,Data Science,1,2024-10-17,75.48,6,3.48,4,0,62,3.03,True,False,False,False,None,Improving,False,7,2025-03-15,No Response,26,0,0,20,Low,0.0
STU0057,Sam James,sam.james@student.chester.ac.uk,Business Analytics,3,2024-09-11,68.85,0,2.38,3,0,50,2.32,False,False,False,False,None,Declining,False,12,,,60,1,0,58,Medium,49.0
STU0058,Mary Anderson,mary.anderson@student.chester.ac.uk,Psychology,3,2024-09-08,66.63,3,3.14,5,0,69,2.51,False,False,False,False,None,Declining,False,16,,,39,0,0,30,Low,0.0
STU0059,Emma Palmer,emma.palmer@student.chester.ac.uk,Psychology,1,2024-09-17,57.24,1,0.56,1,1,38,1.67,False,True,False,True,Partial,Declining,False,7,,,74,0,0,58,Medium,0.0
STU0060,Jade Hill,jade.hill@student.chester.ac.uk,Psychology,1,2024-10-22,62.18,1,0.66,3,1,46,2.1,False,True,False,True,None,Declining,False,16,2025-03-05,Responded,64,3,2,60,Medium,45.67
STU0061,Andrea Taylor,andrea.taylor@student.chester.ac.uk,Data Science,1,2024-09-03,75.23,8,2.57,5,0,63,2.68,False,True,False,True,Full,Stable,False,14,2025-02-27,Responded,23,0,0,18,Low,0.0
STU0062,Mark Davies,mark.davies@student.chester.ac.uk,Computer Science,3,2024-09-02,54.58,0,0.0,3,0,34,2.37,True,True,False,False,Partial,Declining,False,12,,,85,3,2,76,High,45.67
STU0063,Geoffrey Richardson,geoffrey.richardson@student.chester.ac.uk,Psychology,2,2024-09-17,64.35,0,0.0,0,1,41,1.93,False,False,False,True,Partial,Declining,False,6,2025-02-12,No Response,80,2,0,76,High,60.0
STU0064,Paula Myers,paula.myers@student.chester.ac.uk,Data Science,2,2024-10-10,86.82,9,1.45,4,0,78,3.22,False,True,False,False,Partial,Improving,False,20,2025-03-11,No Response,21,0,0,16,Low,0.0
STU0065,Jemma Cook,jemma.cook@student.chester.ac.uk,Psychology,2,2024-10-30,79.95,6,3.23,8,0,76,2.67,False,False,False,False,Full,Stable,True,16,,,15,0,0,12,Low,0.0
STU0066,Billy Williams,billy.williams@student.chester.ac.uk,Computer Science,1,2024-09-28,93.99,15,9.77,5,0,71,2.46,True,False,False,False,Partial,Declining,True,17,,,16,0,0,12,Low,0.0
STU0067,Sandra Harper,sandra.harper@student.chester.ac.uk,Data Science,3,2024-09-23,74.75,7,3.18,6,0,59,2.35,False,False,True,False,Full,Improving,False,13,,,12,0,0,9,Low,0.0
STU0068,Marcus Page,marcus.page@student.chester.ac.uk,Computer Science,1,2024-10-17,72.47,3,3.91,2,1,66,1.92,True,False,False,False,None,Stable,False,20,,,35,0,0,27,Low,0.0
STU0069,Antony Buckley,antony.buckley@student.chester.ac.uk,Psychology,1,2024-10-01,100.0,12,3.85,6,0,66,2.66,True,True,False,False,Partial,Declining,True,8,,,20,0,0,16,Low,0.0
STU0070,Kenneth Taylor,kenneth.taylor@student.chester.ac.uk,Computer Science,2,2024-09-23,57.37,1,0.31,4,0,55,2.42,True,True,False,False,None,Declining,False,13,2025-03-04,Meeting Scheduled,58,3,1,58,Medium,58.33
STU0071,Joel Gray,joel.gray@student.chester.ac.uk,Business Analytics,1,2024-09-13,92.76,7,1.12,3,1,74,3.19,False,True,False,True,Full,Stable,True,17,,,26,0,0,20,Low,0.0
STU0072,Kathleen John,kathleen.john@student.chester.ac.uk,Engineering,2,2024-10-09,72.22,4,2.32,7,0,83,3.1,False,True,False,False,None,Stable,True,13,,,21,1,1,19,Low,11.0
STU0073,Carl Patel,carl.patel@student.chester.ac.uk,Business Analytics,1,2024-10-23,61.48,1,0.35,0,0,38,2.1,False,True,False,False,Partial,Declining,False,10,,,76,5,1,78,High,85.4
STU0074,Shaun Powell,shaun.powell@student.chester.ac.uk,Data Science,2,2024-09-13,89.32,7,5.51,5,0,65,2.2,False,False,False,False,Partial,Improving,True,18,,,7,0,0,5,Low,0.0
STU0075,Melanie Bell,melanie.bell@student.chester.ac.uk,Business Analytics,3,2024-09-14,64.47,0,0.0,3,0,47,1.37,True,False,False,True,Partial,Declining,True,7,,,64,0,0,50,Medium,0.0
STU0076,June Duncan,june.duncan@student.chester.ac.uk,Data Science,1,2024-10-19,85.42,12,6.88,4,0,69,2.85,False,False,False,False,None,Improving,True,11,,,6,0,0,5,Low,0.0
STU0077,Jack Griffiths,jack.griffiths@student.chester.ac.uk,Data Science,3,2024-09-26,85.17,8,7.07,6,1,77,3.25,False,True,False,False,Partial,Improving,True,6,,,7,1,1,8,Low,11.0
STU0078,Linda Shaw,linda.shaw@student.chester.ac.uk,Psychology,3,2024-09-11,68.64,0,0.23,5,1,54,2.4,False,True,False,False,Partial,Declining,False,11,2025-02-12,No Response,62,0,0,48,Medium,0.0
STU0079,Mohammad Smith,mohammad.smith@student.chester.ac.uk,Computer Science,3,2024-09-22,100.0,11,4.66,5,0,87,3.39,False,False,False,False,None,Improving,True,4,2025-02-15,No Response,9,0,0,7,Low,0.0
STU0080,Cameron Shaw,cameron.shaw@student.chester.ac.uk,Data Science,2,2024-10-14,80.87,0,1.45,3,0,49,2.23,False,False,False,True,Full,Declining,False,9,,,63,0,0,49,Medium,0.0
STU0081,Jason Cunningham,jason.cunningham@student.chester.ac.uk,Data Science,1,2024-09-21,65.21,1,0.99,2,0,40,2.0,False,True,False,False,Partial,Declining,False,18,,,67,1,0,63,Medium,49.0
STU0082,Danielle Sharp,danielle.sharp@student.chester.ac.uk,Psychology,2,2024-10-29,85.18,7,4.26,6,0,83,2.75,False,False,False,True,Partial,Declining,True,14,,,20,0,0,16,Low,0.0
STU0083,Stacey Miller,stacey.miller@student.chester.ac.uk,Data Science,3,2024-09-03,58.13,3,2.99,5,0,59,2.68,True,True,False,False,None,Improving,False,4,,,32,0,0,25,Low,0.0
STU0084,Scott Knowles,scott.knowles@student.chester.ac.uk,Engineering,3,2024-09-19,64.43,0,0.0,3,0,63,2.62,True,True,False,True,None,Declining,False,18,,,59,0,0,46,Medium,0.0
STU0085,Georgina O'Brien,georgina.obrien@student.chester.ac.uk,Data Science,2,2024-10-21,95.39,3,1.92,4,0,89,3.17,True,True,False,False,Full,Improving,True,13,,,24,0,0,19,Low,0.0
STU0086,Debra Carr,debra.carr@student.chester.ac.uk,Psychology,3,2024-09-09,99.11,9,7.58,7,0,76,2.74,False,False,False,False,Partial,Stable,False,8,,,15,1,1,14,Low,11.0
STU0087,Mary Arnold,mary.arnold@student.chester.ac.uk,Computer Science,2,2024-10-04,80.44,11,9.24,3,0,76,3.12,False,False,False,True,Full,Improving,True,21,2025-03-03,Meeting Scheduled,7,0,0,5,Low,0.0
STU0088,Sheila Mitchell,sheila.mitchell@student.chester.ac.uk,Business Analytics,1,2024-09-26,80.2,10,5.93,6,0,70,2.4,True,True,False,True,None,Declining,False,19,2025-03-02,Responded,20,1,0,26,Low,49.0
STU0089,Hollie Lawson,hollie.lawson@student.chester.ac.uk,Business Analytics,3,2024-10-11,78.99,7,3.45,5,0,67,2.96,False,False,False,False,Partial,Declining,False,8,,,30,0,0,23,Low,0.0
STU0090,Graeme Matthews,graeme.matthews@student.chester.ac.uk,Data Science,1,2024-09-24,100.0,20,9.31,5,0,100,3.9,True,True,False,False,Full,Improving,True,21,,,5,0,0,4,Low,0.0
STU0091,Vanessa Brooks,vanessa.brooks@student.chester.ac.uk,Business Analytics,2,2024-09-23,83.55,8,1.27,6,0,70,2.67,False,True,False,False,None,Improving,True,8,,,15,0,0,12,Low,0.0
STU0092,Jennifer Lyons,jennifer.lyons@student.chester.ac.uk,Psychology,2,2024-09-29,78.41,0,3.63,3,0,55,2.33,False,False,False,False,None,Declining,False,12,,,54,0,0,42,Medium,0.0
STU0093,Alison O'Neill,alison.oneill@student.chester.ac.uk,Data Science,3,2024-09-05,80.32,5,3.6,4,0,68,3.17,False,False,False,False,Partial,Declining,False,12,,,35,1,1,30,Low,11.0
STU0094,Eric Collins,eric.collins@student.chester.ac.uk,Computer Science,3,2024-09-14,96.89,15,11.62,6,0,100,3.76,False,True,False,False,Partial,Improving,True,6,,,4,0,0,3,Low,0.0
STU0095,Michael Fox,michael.fox@student.chester.ac.uk,Computer Science,1,2024-09-03,65.63,0,1.23,5,1,56,2.26,False,False,False,True,Partial,Declining,True,4,,,57,2,0,58,Medium,60.0
STU0096,Bernard Fox,bernard.fox@student.chester.ac.uk,Computer Science,2,2024-10-25,63.19,0,0.0,3,1,43,2.0,False,True,False,False,Full,Improving,False,20,,,60,2,2,52,Medium,22.0
STU0097,Thomas Hammond,thomas.hammond@student.chester.ac.uk,Business Analytics,1,2024-09-22,86.01,13,6.35,4,2,86,2.57,False,True,False,True,Partial,Improving,True,10,,,13,0,0,10,Low,0.0
STU0098,Julia Howard,julia.howard@student.chester.ac.uk,Business Analytics,2,2024-09-23,64.49,1,0.69,3,0,34,1.67,False,True,False,True,Full,Declining,False,16,2025-02-22,No Response,65,0,0,51,Medium,0.0
STU0099,Joseph Howe,joseph.howe@student.chester.ac.uk,Engineering,1,2024-09-20,100.0,15,6.58,3,1,100,3.39,False,True,False,False,None,Improving,True,15,,,10,0,0,8,Low,0.0
STU0100,Mohamed Bruce,mohamed.bruce@student.chester.ac.uk,Business Analytics,1,2024-09-22,77.02,3,4.43,1,0,62,2.2,False,False,False,True,None,Declining,False,15,,,38,1,0,40,Medium,49.0
STU0101,Frank White,frank.white@student.chester.ac.uk,Business Analytics,2,2024-09-08,66.35,0,1.33,2,0,55,2.89,False,True,False,False,None,Stable,False,13,,,61,0,0,48,Medium,0.0
STU0102,Danielle Stevens,danielle.stevens@student.chester.ac.uk,Computer Science,1,2024-10-27,86.52,11,3.82,4,0,74,1.81,False,True,False,False,Partial,Declining,False,5,,,29,0,0,23,Low,0.0
STU0103,Wayne Wood,wayne.wood@student.chester.ac.uk,Computer Science,1,2024-10-19,81.73,12,3.97,6,0,73,2.85,False,False,False,True,Partial,Improving,False,7,2025-03-06,No Response,17,0,0,13,Low,0.0
STU0104,Alexandra Allen,alexandra.allen@student.chester.ac.uk,Psychology,3,2024-10-03,100.0,10,3.05,8,0,93,3.41,False,True,False,False,Partial,Improving,True,12,,,9,0,0,7,Low,0.0
STU0105,Norman McKenzie,norman.mckenzie@student.chester.ac.uk,Business Analytics,2,2024-09-23,82.93,14,9.79,6,0,98,3.19,False,False,False,False,Partial,Improving,True,4,2025-03-09,No Response,4,0,0,3,Low,0.0
STU0106,Jane Bates,jane.bates@student.chester.ac.uk,Engineering,3,2024-09-19,68.86,2,2.36,2,0,52,2.63,False,False,False,False,Partial,Declining,False,7,,,59,3,1,59,Medium,58.33
STU0107,Lewis Slater,lewis.slater@student.chester.ac.uk,Computer Science,3,2024-10-28,70.01,0,0.0,5,0,66,2.09,True,True,True,True,Partial,Declining,False,16,,,49,0,0,38,Medium,0.0
STU0108,Owen Davison,owen.davison@student.chester.ac.uk,Computer Science,1,2024-09-27,66.23,10,7.31,5,2,100,3.73,False,False,False,True,None,Improving,True,19,2025-02-28,No Response,13,0,0,10,Low,0.0
STU0109,Jade Taylor,jade.taylor@student.chester.ac.uk,Computer Science,2,2024-10-05,67.62,1,0.25,5,0,47,3.27,False,True,False,False,None,Declining,False,20,,,71,1,1,58,Medium,11.0
STU0110,Alexander Davies,alexander.davies@student.chester.ac.uk,Business Analytics,3,2024-10-29,65.11,4,3.86,5,1,70,2.81,False,True,True,True,None,Declining,False,6,,,30,0,0,23,Low,0.0
STU0111,Leah Gibson,leah.gibson@student.chester.ac.uk,Data Science,3,2024-09-16,64.53,0,1.62,4,0,59,2.21,True,False,False,False,Full,Declining,False,20,,,57,1,1,47,Medium,11.0
STU0112,Sophie Briggs,sophie.briggs@student.chester.ac.uk,Business Analytics,2,2024-10-07,96.64,5,3.33,5,1,80,3.09,False,False,False,False,Partial,Declining,False,5,,,34,0,0,27,Low,0.0
STU0113,Raymond Smith,raymond.smith@student.chester.ac.uk,Data Science,3,2024-10-24,90.06,14,11.21,5,0,91,3.89,False,False,False,False,Full,Improving,False,7,2025-03-11,Responded,12,0,0,9,Low,0.0
STU0114,Karl Wilkinson,karl.wilkinson@student.chester.ac.uk,Computer Science,2,2024-09-14,85.44,7,7.16,8,0,84,3.08,False,False,False,False,Full,Improving,False,11,,,8,0,0,6,Low,0.0
STU0115,Bradley Oliver,bradley.oliver@student.chester.ac.uk,Business Analytics,2,2024-10-07,89.72,7,7.11,3,0,93,3.05,False,False,False,True,None,Declining,True,5,,,18,0,0,14,Low,0.0
STU0116,Ricky Hall,ricky.hall@student.chester.ac.uk,Engineering,1,2024-09-10,66.11,3,2.47,5,1,75,3.25,False,False,False,False,Full,Improving,False,6,2025-03-08,No Response,36,0,0,28,Low,0.0
STU0117,Keith Williams,keith.williams@student.chester.ac.uk,Psychology,1,2024-10-13,85.0,9,2.97,5,0,62,2.41,False,True,True,False,None,Stable,True,15,,,10,0,0,8,Low,0.0
STU0118,Georgina Gibson,georgina.gibson@student.chester.ac.uk,Computer Science,3,2024-09-25,75.87,4,3.5,4,0,64,2.71,False,True,False,False,Full,Improving,False,4,,,24,0,0,19,Low,0.0
STU0119,Naomi Watkins,naomi.watkins@student.chester.ac.uk,Computer Science,1,2024-10-13,67.57,2,0.51,3,0,69,2.32,False,False,False,True,Partial,Declining,True,4,,,47,0,0,37,Medium,0.0
STU0120,Stephen Morgan,stephen.morgan@student.chester.ac.uk,Engineering,1,2024-10-03,100.0,12,4.66,8,0,90,3.72,True,True,True,False,None,Improving,True,13,,,0,0,0,0,Low,0.0
STU0121,Frank Thompson,frank.thompson@student.chester.ac.uk,Data Science,1,2024-09-19,81.3,8,3.71,5,0,77,3.06,False,False,False,False,Full,Improving,False,7,2025-03-12,Meeting Scheduled,19,0,0,15,Low,0.0
STU0122,Danielle Jones,danielle.jones@student.chester.ac.uk,Data Science,2,2024-09-25,97.82,19,10.32,8,0,95,2.94,False,True,False,False,Full,Stable,True,7,,,7,0,0,5,Low,0.0
STU0123,Joanne Poole,joanne.poole@student.chester.ac.uk,Data Science,1,2024-09-22,76.2,0,1.95,3,1,33,2.16,False,False,False,False,Full,Declining,True,8,,,75,2,1,68,High,41.0
STU0124,Roger Lamb,roger.lamb@student.chester.ac.uk,Psychology,1,2024-09-25,70.55,1,0.96,6,0,42,2.02,False,True,True,False,Full,Declining,False,6,,,55,1,0,54,Medium,49.0
STU0125,Janet Pritchard,janet.pritchard@student.chester.ac.uk,Business Analytics,2,2024-10-05,78.41,6,8.19,3,1,51,1.71,True,False,True,False,Full,Stable,False,12,,,18,1,0,25,Low,49.0
STU0126,Sandra Hussain,sandra.hussain@student.chester.ac.uk,Data Science,2,2024-09-27,86.15,19,10.64,6,0,100,3.23,False,True,True,True,None,Improving,True,18,,,0,0,0,0,Low,0.0
STU0127,Bethan Andrews,bethan.andrews@student.chester.ac.uk,Engineering,1,2024-10-18,73.51,0,0.68,3,0,39,1.84,False,False,False,False,Partial,Declining,False,6,,,71,0,0,55,Medium,0.0
STU0128,Suzanne Adams,suzanne.adams@student.chester.ac.uk,Data Science,3,2024-10-12,85.74,2,0.93,7,0,71,3.48,True,False,False,False,Full,Improving,True,6,2025-03-08,No Response,37,0,0,29,Low,0.0
STU0129,Holly Nash,holly.nash@student.chester.ac.uk,Data Science,1,2024-10-27,78.83,5,2.26,5,1,100,3.59,False,True,False,False,Partial,Improving,True,13,,,17,0,0,13,Low,0.0
STU0130,Bryan Lloyd,bryan.lloyd@student.chester.ac.uk,Engineering,3,2024-10-30,86.57,4,1.02,5,1,81,3.09,False,True,True,False,None,Improving,True,19,2025-02-07,No Response,17,0,0,13,Low,0.0
STU0131,Kevin Jackson,kevin.jackson@student.chester.ac.uk,Business Analytics,3,2024-09-24,66.4,0,3.38,3,1,48,2.27,True,False,True,False,Partial,Declining,False,19,,,57,1,1,47,Medium,11.0
STU0132,Joanna Long,joanna.long@student.chester.ac.uk,Psychology,3,2024-10-14,79.09,2,0.82,7,0,54,2.45,False,False,False,True,None,Stable,False,16,2025-03-12,Responded,43,1,1,36,Medium,11.0
STU0133,Terry George,terry.george@student.chester.ac.uk,Engineering,1,2024-09-29,69.38,5,3.95,6,0,82,2.51,False,False,True,True,None,Stable,True,11,,,9,0,0,7,Low,0.0
STU0134,Fiona Jones,fiona.jones@student.chester.ac.uk,Business Analytics,2,2024-10-22,80.5,6,3.64,6,0,57,2.02,False,False,False,False,Partial,Declining,False,20,,,28,1,1,24,Low,11.0
STU0135,Melanie Fraser,melanie.fraser@student.chester.ac.uk,Business Analytics,3,2024-10-12,85.86,13,8.15,7,0,74,2.72,False,False,False,False,Full,Improving,True,21,,,3,1,1,5,Low,11.0
STU0136,Natasha Francis,natasha.francis@student.chester.ac.uk,Computer Science,1,2024-09-01,66.7,3,1.73,8,0,70,2.02,False,False,False,False,Full,Stable,False,5,,,36,0,0,28,Low,0.0
STU0137,Christian Rees,christian.rees@student.chester.ac.uk,Business Analytics,1,2024-09-02,90.37,17,12.49,6,1,96,3.5,False,False,False,False,None,Improving,True,19,,,7,0,0,5,Low,0.0
STU0138,Joseph Davies,joseph.davies@student.chester.ac.uk,Business Analytics,1,2024-09-18,81.75,9,5.43,2,2,66,2.77,False,True,False,True,Partial,Declining,True,3,2025-03-06,Responded,27,0,0,21,Low,0.0
STU0139,Damian Ahmed,damian.ahmed@student.chester.ac.uk,Business Analytics,3,2024-09-14,72.61,10,2.59,4,1,73,2.65,True,True,False,True,None,Improving,False,17,,,22,0,0,17,Low,0.0
STU0140,Shirley Smith,shirley.smith@student.chester.ac.uk,Business Analytics,2,2024-10-10,80.64,3,1.19,5,1,51,2.5,False,True,False,False,Full,Stable,True,12,,,41,0,0,32,Low,0.0
STU0141,Marilyn Thomas,marilyn.thomas@student.chester.ac.uk,Computer Science,3,2024-09-21,79.46,2,1.38,5,0,55,2.38,True,True,False,False,None,Stable,False,19,,,40,0,0,31,Low,0.0
STU0142,Jonathan Burton,jonathan.burton@student.chester.ac.uk,Computer Science,1,2024-10-01,92.34,18,12.77,8,0,100,3.84,False,False,False,True,Full,Declining,True,3,,,13,0,0,10,Low,0.0
STU0143,Carole Armstrong,carole.armstrong@student.chester.ac.uk,Business Analytics,3,2024-10-03,79.57,14,8.15,2,1,55,2.99,False,False,True,True,Full,Declining,False,11,2025-03-03,Responded,32,0,0,25,Low,0.0
STU0144,Guy Hudson,guy.hudson@student.chester.ac.uk,Business Analytics,2,2024-10-29,92.65,11,3.6,7,0,85,3.09,False,True,False,False,Full,Stable,True,10,,,13,0,0,10,Low,0.0
STU0145,Dennis Davies,dennis.davies@student.chester.ac.uk,Data Science,2,2024-09-09,82.02,10,5.06,5,1,69,2.98,False,True,False,False,Full,Improving,True,18,,,11,0,0,9,Low,0.0
STU0146,Terry Smith,terry.smith@student.chester.ac.uk,Engineering,1,2024-10-21,52.72,0,0.0,1,1,44,1.93,False,False,False,False,Full,Declining,False,13,,,81,0,0,63,Medium,0.0
STU0147,Hannah Clarke,hannah.clarke@student.chester.ac.uk,Engineering,2,2024-10-20,86.2,11,5.54,6,0,75,3.47,True,True,False,False,Partial,Stable,True,18,2025-03-05,Responded,15,1,1,14,Low,11.0
STU0148,Leah Hodgson,leah.hodgson@student.chester.ac.uk,Psychology,2,2024-10-20,82.11,0,0.0,3,0,53,2.15,False,False,False,False,Partial,Declining,False,12,2025-02-15,Responded,65,0,0,51,Medium,0.0
STU0149,Guy Murray,guy.murray@student.chester.ac.uk,Data Science,1,2024-09-16,90.94,13,4.32,4,0,74,3.08,True,True,False,False,Partial,Improving,True,5,,,10,0,0,8,Low,0.0
STU0150,Liam Bailey,liam.bailey@student.chester.ac.uk,Data Science,3,2024-09-05,90.34,17,10.2,5,0,94,3.31,True,False,False,True,Full,Improving,True,18,,,5,0,0,4,Low,0.0
STU0151,Brenda Turner,brenda.turner@student.chester.ac.uk,Psychology,3,2024-10-24,64.62,0,0.0,3,1,64,2.4,False,True,False,True,Full,Declining,False,13,,,63,0,0,49,Medium,0.0
STU0152,Oliver Ford,oliver.ford@student.chester.ac.uk,Data Science,1,2024-09-13,77.18,1,3.48,1,1,41,1.9,False,False,False,True,Partial,Declining,True,14,2025-03-07,Responded,56,1,0,54,Medium,49.0
STU0153,Allan Lowe,allan.lowe@student.chester.ac.uk,Business Analytics,1,2024-09-14,71.39,3,2.7,5,0,48,2.5,False,False,True,True,Partial,Declining,False,6,,,46,0,0,36,Medium,0.0
STU0154,Wayne McDonald,wayne.mcdonald@student.chester.ac.uk,Psychology,1,2024-10-21,66.72,1,0.31,5,1,52,2.82,False,True,True,False,Full,Declining,False,15,2025-03-20,Responded,60,1,1,49,Medium,11.0
STU0155,Brian Shaw,brian.shaw@student.chester.ac.uk,Computer Science,3,2024-09-30,60.78,0,0.0,3,3,40,2.12,True,False,False,True,Partial,Stable,True,15,,,77,0,0,60,Medium,0.0
STU0156,Lauren Kirby,lauren.kirby@student.chester.ac.uk,Computer Science,3,2024-09-22,90.34,17,9.91,8,0,100,3.5,True,False,False,False,Partial,Stable,True,18,,,7,0,0,5,Low,0.0
STU0157,Jennifer Lee,jennifer.lee@student.chester.ac.uk,Business Analytics,3,2024-09-10,81.01,9,6.3,4,0,73,2.59,True,True,False,False,None,Improving,True,15,,,6,2,1,14,Low,41.0
STU0158,Geraldine Stokes,geraldine.stokes@student.chester.ac.uk,Data Science,2,2024-09-11,81.24,6,2.68,3,0,62,3.1,False,False,False,False,Partial,Declining,False,10,2025-03-21,No Response,40,0,0,31,Low,0.0
STU0159,Hilary Hill,hilary.hill@student.chester.ac.uk,Engineering,2,2024-09-30,62.09,0,2.39,4,0,42,1.98,True,False,False,False,Full,Declining,False,12,2025-03-02,No Response,64,1,1,52,Medium,11.0
STU0160,Dorothy Warren,dorothy.warren@student.chester.ac.uk,Computer Science,3,2024-10-18,62.95,17,10.06,7,0,100,4.0,True,True,False,False,None,Improving,True,9,2025-03-21,Meeting Scheduled,5,0,0,4,Low,0.0
STU0161,Clifford Begum,clifford.begum@student.chester.ac.uk,Engineering,1,2024-09-27,84.41,12,4.67,5,1,73,2.81,False,True,False,False,Partial,Improving,True,4,2025-02-10,No Response,12,0,0,9,Low,0.0
STU0162,Stuart Singh,stuart.singh@student.chester.ac.uk,Computer Science,1,2024-10-25,90.44,4,3.55,5,0,52,2.36,False,True,False,False,Partial,Improving,True,19,,,19,0,0,15,Low,0.0
STU0163,Aaron Pritchard,aaron.pritchard@student.chester.ac.uk,Psychology,1,2024-10-10,81.78,8,2.59,6,0,86,3.32,True,False,False,False,None,Stable,False,15,,,24,0,0,19,Low,0.0
STU0164,Kenneth Cox,kenneth.cox@student.chester.ac.uk,Computer Science,3,2024-09-21,83.92,4,3.51,4,0,74,2.49,False,True,False,False,Full,Improving,True,8,,,16,0,0,12,Low,0.0
STU0165,Dean Sharpe,dean.sharpe@student.chester.ac.uk,Computer Science,3,2024-09-15,63.88,0,2.77,2,1,57,2.37,True,False,False,True,Full,Improving,False,21,,,49,0,0,38,Medium,0.0
STU0166,Rachael Kelly,rachael.kelly@student.chester.ac.uk,Psychology,1,2024-09-14,95.8,12,4.26,8,0,75,2.53,False,True,False,True,Partial,Improving,True,11,2025-02-18,No Response,6,1,1,7,Low,11.0
STU0167,Glenn Martin,glenn.martin@student.chester.ac.uk,Data Science,2,2024-10-29,66.58,1,1.44,3,1,65,2.59,False,False,False,False,None,Declining,False,3,,,60,1,0,58,Medium,49.0
STU0168,Ashleigh Davis,ashleigh.davis@student.chester.ac.uk,Psychology,3,2024-09-28,92.2,10,6.22,4,0,78,3.08,True,False,False,True,None,Improving,False,8,,,13,0,0,10,Low,0.0
STU0169,Leanne Jones,leanne.jones@student.chester.ac.uk,Computer Science,2,2024-10-14,99.03,3,5.76,6,1,71,2.4,False,False,False,False,None,Declining,True,7,,,27,0,0,21,Low,0.0
STU0170,Lee Green,lee.green@student.chester.ac.uk,Computer Science,3,2024-09-24,64.55,3,1.5,1,0,59,1.79,False,True,True,False,Partial,Declining,False,14,,,40,0,0,31,Low,0.0
STU0171,Mary Norton,mary.norton@student.chester.ac.uk,Engineering,3,2024-09-23,83.05,7,8.03,7,1,74,2.78,False,False,False,True,Partial,Stable,False,12,,,17,0,0,13,Low,0.0
STU0172,Samuel Harper,samuel.harper@student.chester.ac.uk,Psychology,2,2024-09-16,71.85,2,1.39,3,1,75,2.74,False,False,False,False,Full,Declining,False,13,,,53,2,2,46,Medium,22.0
STU0173,Callum Todd,callum.todd@student.chester.ac.uk,Psychology,2,2024-09-12,79.8,1,0.34,6,0,59,2.58,True,True,True,False,None,Declining,True,5,,,38,0,0,30,Low,0.0
STU0174,Marcus Wade,marcus.wade@student.chester.ac.uk,Data Science,1,2024-09-29,79.42,0,1.15,1,0,46,2.14,False,False,False,False,Full,Declining,False,16,,,66,2,1,60,Medium,41.0
STU0175,Angela Fisher,angela.fisher@student.chester.ac.uk,Data Science,2,2024-09-09,64.96,2,1.07,5,0,77,2.98,True,False,False,False,Partial,Declining,False,21,,,48,1,1,40,Medium,11.0
STU0176,Rachel Moore,rachel.moore@student.chester.ac.uk,Psychology,3,2024-09-03,85.07,7,5.29,4,0,60,2.7,True,False,True,False,None,Declining,False,3,,,20,0,0,16,Low,0.0
STU0177,Nathan Tucker,nathan.tucker@student.chester.ac.uk,Data Science,3,2024-09-01,52.88,0,0.0,1,0,39,2.35,False,False,True,False,Partial,Declining,False,21,,,79,1,0,72,High,49.0
STU0178,Hollie Cooke,hollie.cooke@student.chester.ac.uk,Computer Science,2,2024-09-07,93.33,15,4.09,6,0,74,2.89,False,True,False,True,Full,Declining,True,3,,,19,0,0,15,Low,0.0
STU0179,Janice Fowler,janice.fowler@student.chester.ac.uk,Engineering,2,2024-10-22,51.47,0,0.0,1,1,25,1.73,False,True,True,False,Full,Declining,False,5,2025-03-19,No Response,87,0,0,68,High,0.0
STU0180,Lauren Jackson,lauren.jackson@student.chester.ac.uk,Engineering,3,2024-10-17,76.35,3,3.83,5,1,86,2.77,True,False,False,True,None,Declining,True,18,,,34,0,0,27,Low,0.0
STU0181,Sean Sykes,sean.sykes@student.chester.ac.uk,Business Analytics,2,2024-09-21,72.82,4,1.45,1,0,49,1.98,False,False,False,False,None,Declining,False,9,,,49,0,0,38,Medium,0.0
STU0182,Luke Brookes,luke.brookes@student.chester.ac.uk,Psychology,2,2024-10-12,82.19,10,5.54,5,0,86,2.79,False,True,False,True,Partial,Improving,True,5,2025-02-19,No Response,6,0,0,5,Low,0.0
STU0183,Simon Sutton,simon.sutton@student.chester.ac.uk,Business Analytics,2,2024-09-17,94.97,2,1.99,6,1,72,2.17,False,True,False,False,Full,Declining,False,11,,,46,1,1,38,Medium,11.0
STU0184,Rhys Richardson,rhys.richardson@student.chester.ac.uk,Computer Science,3,2024-09-20,68.65,2,1.96,3,1,62,2.26,False,False,True,False,Partial,Declining,False,15,2025-02-17,No Response,45,0,0,35,Medium,0.0
STU0185,Dorothy Webb,dorothy.webb@student.chester.ac.uk,Computer Science,1,2024-09-13,66.85,0,2.09,3,1,26,1.56,True,False,False,True,Full,Declining,False,10,2025-03-02,Responded,81,0,0,63,Medium,0.0
STU0186,Yvonne Young,yvonne.young@student.chester.ac.uk,Business Analytics,1,2024-09-08,60.86,4,4.22,6,0,88,3.15,False,False,False,False,Partial,Stable,False,6,,,29,0,0,23,Low,0.0
STU0187,Jane Simpson,jane.simpson@student.chester.ac.uk,Business Analytics,3,2024-09-29,90.86,22,5.2,8,0,100,3.59,True,True,False,False,Partial,Improving,True,9,,,4,0,0,3,Low,0.0
STU0188,Dean Bennett,dean.bennett@student.chester.ac.uk,Data Science,2,2024-09-07,71.04,0,0.0,3,1,44,2.62,False,False,False,True,Full,Declining,False,19,,,80,1,0,73,High,49.0
STU0189,Frank Taylor,frank.taylor@student.chester.ac.uk,Business Analytics,2,2024-10-26,91.88,13,6.0,6,0,68,2.68,False,True,False,False,Partial,Improving,False,20,,,9,1,0,18,Low,49.0
STU0190,Edward Wallace,edward.wallace@student.chester.ac.uk,Psychology,1,2024-10-13,79.52,0,0.0,6,0,49,1.88,False,True,False,True,None,Stable,False,5,,,56,1,0,54,Medium,49.0
STU0191,Peter Gardner,peter.gardner@student.chester.ac.uk,Data Science,2,2024-09-10,92.01,12,7.2,8,0,95,3.38,False,False,False,False,Partial,Improving,True,11,,,2,0,0,2,Low,0.0
STU0192,Brett Gill,brett.gill@student.chester.ac.uk,Data Science,2,2024-10-12,71.13,4,1.76,6,0,50,2.26,False,False,False,False,None,Declining,False,8,2025-03-07,Responded,43,0,0,34,Medium,0.0
STU0193,Victoria Roberts,victoria.roberts@student.chester.ac.uk,Data Science,1,2024-09-18,47.7,0,0.0,1,1,24,1.44,False,True,False,True,Full,Declining,False,20,2025-03-17,Meeting Scheduled,92,1,0,83,High,49.0
STU0194,Frederick Phillips,frederick.phillips@student.chester.ac.uk,Engineering,3,2024-10-29,87.08,6,2.73,3,0,75,2.29,True,True,False,False,Full,Improving,False,9,,,21,0,0,16,Low,0.0
STU0195,Rita Griffiths,rita.griffiths@student.chester.ac.uk,Data Science,3,2024-09-15,73.39,7,5.5,5,0,65,3.04,True,False,False,True,Partial,Declining,False,10,,,28,0,0,22,Low,0.0
STU0196,Ian Taylor,ian.taylor@student.chester.ac.uk,Engineering,1,2024-10-19,86.42,8,3.57,5,0,75,2.37,False,True,False,False,None,Declining,False,14,2025-02-25,Meeting Scheduled,27,0,0,21,Low,0.0
STU0197,Ross Ryan,ross.ryan@student.chester.ac.uk,Psychology,3,2024-10-18,53.06,0,0.0,1,0,33,1.08,False,False,False,False,None,Declining,False,16,,,82,2,1,73,High,41.0
STU0198,Kelly Stone,kelly.stone@student.chester.ac.uk,Computer Science,1,2024-09-18,74.95,3,1.1,2,1,59,1.93,True,True,False,False,Full,Stable,False,6,2025-03-13,Responded,43,0,0,34,Medium,0.0
STU0199,Julian Wilson,julian.wilson@student.chester.ac.uk,Data Science,2,2024-10-18,71.93,5,3.25,7,0,71,2.66,False,True,True,False,Full,Stable,False,18,,,12,0,0,9,Low,0.0
STU0200,Katy O'Connor,katy.oconnor@student.chester.ac.uk,Business Analytics,1,2024-09-19,83.62,10,6.01,5,0,59,2.93,True,False,False,False,Partial,Stable,True,13,2025-02-06,Responded,16,0,0,12,Low,0.0
STU0201,Hugh White,hugh.white@student.chester.ac.uk,Psychology,3,2024-10-04,70.25,0,1.54,3,0,65,2.69,True,True,False,True,Full,Declining,False,21,,,53,1,0,52,Medium,49.0
STU0202,Brian Morgan,brian.morgan@student.chester.ac.uk,Engineering,2,2024-09-17,82.09,5,2.36,5,0,71,2.44,True,True,True,False,Full,Declining,True,19,,,18,0,0,14,Low,0.0
STU0203,Ricky Parsons,ricky.parsons@student.chester.ac.uk,Psychology,1,2024-09-16,68.19,8,5.35,4,1,70,2.87,False,False,False,False,None,Declining,False,11,,,29,0,0,23,Low,0.0
STU0204,Natasha Matthews,natasha.matthews@student.chester.ac.uk,Engineering,3,2024-10-11,77.42,7,2.71,7,0,61,3.22,True,False,False,False,None,Improving,True,9,2025-03-10,No Response,21,0,0,16,Low,0.0
STU0205,Paula Fry,paula.fry@student.chester.ac.uk,Psychology,3,2024-10-02,57.42,2,1.16,6,0,56,2.77,False,False,False,False,Partial,Declining,False,21,,,58,3,1,58,Medium,58.33
STU0206,Matthew Clark,matthew.clark@student.chester.ac.uk,Psychology,2,2024-10-16,98.74,16,11.96,8,0,84,3.19,False,False,False,False,Full,Improving,True,13,,,2,0,0,2,Low,0.0
STU0207,Elliot Carpenter,elliot.carpenter@student.chester.ac.uk,Data Science,2,2024-09-08,89.04,10,4.83,8,0,73,3.09,True,False,True,False,None,Improving,True,20,,,0,0,0,0,Low,0.0
STU0208,Arthur Thomas,arthur.thomas@student.chester.ac.uk,Business Analytics,3,2024-09-05,82.67,4,5.69,8,0,63,2.96,False,False,False,False,None,Improving,True,9,,,12,0,0,9,Low,0.0
STU0209,Jodie Williams,jodie.williams@student.chester.ac.uk,Business Analytics,3,2024-10-19,80.25,5,2.1,3,0,65,2.63,True,True,False,False,Partial,Declining,False,12,,,33,1,0,37,Medium,49.0
STU0210,Terry Williams,terry.williams@student.chester.ac.uk,Computer Science,3,2024-10-11,89.64,16,10.01,7,0,81,3.26,True,False,False,True,Partial,Improving,True,21,,,3,0,0,2,Low,0.0
STU0211,Denise Clark,denise.clark@student.chester.ac.uk,Computer Science,3,2024-09-06,100.0,14,4.83,8,0,100,2.87,False,True,False,False,None,Stable,True,9,,,10,0,0,8,Low,0.0
STU0212,Melissa Bates,melissa.bates@student.chester.ac.uk,Engineering,1,2024-10-19,76.02,5,0.93,7,0,68,2.45,True,True,False,False,Full,Declining,False,7,,,32,0,0,25,Low,0.0
STU0213,Samuel Walters,samuel.walters@student.chester.ac.uk,Engineering,1,2024-09-14,79.45,1,3.01,6,0,39,2.53,False,False,False,False,Full,Declining,False,10,,,66,1,0,62,Medium,49.0
STU0214,David Reynolds,david.reynolds@student.chester.ac.uk,Engineering,2,2024-10-20,85.63,12,8.11,3,1,77,3.28,False,False,False,False,Partial,Improving,True,12,2025-02-23,Meeting Scheduled,10,1,1,10,Low,11.0
STU0215,Shannon Holmes,shannon.holmes@student.chester.ac.uk,Psychology,3,2024-09-18,100.0,11,7.79,6,0,96,3.78,False,False,False,False,Partial,Improving,True,11,2025-03-02,No Response,4,0,0,3,Low,0.0
STU0216,Vanessa Chapman,vanessa.chapman@student.chester.ac.uk,Data Science,3,2024-10-01,78.14,3,2.35,6,0,49,2.57,False,False,False,False,Partial,Declining,False,14,2025-03-12,Responded,51,0,0,40,Medium,0.0
STU0217,Sharon Rees,sharon.rees@student.chester.ac.uk,Computer Science,3,2024-10-10,70.25,2,1.71,4,1,79,3.58,True,False,True,False,Partial,Stable,False,9,2025-03-03,Responded,44,0,0,34,Medium,0.0
STU0218,Rosie Wall,rosie.wall@student.chester.ac.uk,Engineering,1,2024-09-16,69.61,9,2.53,8,0,100,3.25,True,False,False,True,None,Improving,True,3,,,13,0,0,10,Low,0.0
STU0219,Sara Sinclair,sara.sinclair@student.chester.ac.uk,Engineering,2,2024-09-05,90.56,5,2.99,6,0,74,3.21,False,True,True,False,Full,Declining,True,10,,,15,1,0,22,Low,49.0
STU0220,Harry Peters,harry.peters@student.chester.ac.uk,Data Science,3,2024-09-01,95.24,17,9.44,5,0,100,3.67,False,False,True,False,None,Improving,True,14,,,0,1,1,2,Low,11.0
STU0221,Clifford O'Sullivan,clifford.osullivan@student.chester.ac.uk,Computer Science,2,2024-10-11,86.38,12,9.27,7,0,82,3.68,False,True,False,False,None,Declining,True,11,,,18,0,0,14,Low,0.0
STU0222,Dorothy Miles,dorothy.miles@student.chester.ac.uk,Engineering,1,2024-09-26,71.76,0,0.0,2,1,56,1.73,False,True,False,False,None,Declining,False,3,,,66,0,0,51,Medium,0.0
STU0223,Sophie Harrison,sophie.harrison@student.chester.ac.uk,Business Analytics,2,2024-10-02,68.66,5,1.73,5,1,50,2.44,True,False,False,False,Partial,Declining,False,14,,,47,0,0,37,Medium,0.0
STU0224,Andrea Clarke,andrea.clarke@student.chester.ac.uk,Engineering,3,2024-09-23,72.54,0,0.0,4,1,61,2.49,False,True,True,False,Full,Declining,False,11,,,54,1,0,53,Medium,49.0
STU0225,Emily King,emily.king@student.chester.ac.uk,Psychology,1,2024-10-03,83.76,12,5.32,8,0,68,3.0,False,False,False,False,Full,Improving,True,5,,,4,2,2,8,Low,22.0
STU0226,Jessica Davies,jessica.davies@student.chester.ac.uk,Business Analytics,1,2024-10-31,42.64,1,0.44,0,1,21,0.62,True,False,False,False,Partial,Declining,False,5,,,89,0,0,69,High,0.0
STU0227,Clive Richards,clive.richards@student.chester.ac.uk,Engineering,2,2024-09-06,61.15,0,0.0,2,1,53,1.9,False,False,False,False,Partial,Stable,False,18,2025-03-17,Meeting Scheduled,66,0,0,51,Medium,0.0
STU0228,Josh Stevenson,josh.stevenson@student.chester.ac.uk,Engineering,1,2024-09-24,77.36,6,3.69,4,0,59,3.03,False,True,False,True,None,Improving,False,17,,,24,0,0,19,Low,0.0
STU0229,David Rogers,david.rogers@student.chester.ac.uk,Business Analytics,3,2024-09-25,74.06,6,3.54,5,0,77,2.8,True,True,False,False,Full,Declining,True,14,,,22,0,0,17,Low,0.0
STU0230,Rhys Sykes,rhys.sykes@student.chester.ac.uk,Engineering,2,2024-10-28,94.78,4,3.36,5,1,82,3.19,False,False,True,True,Partial,Improving,False,5,2025-03-18,No Response,21,0,0,16,Low,0.0
STU0231,Rosemary Jenkins,rosemary.jenkins@student.chester.ac.uk,Engineering,3,2024-10-24,70.09,5,3.9,6,1,63,2.56,False,False,False,False,Full,Stable,True,9,2025-02-17,Meeting Scheduled,18,0,0,14,Low,0.0
STU0232,Danny Hall,danny.hall@student.chester.ac.uk,Engineering,1,2024-09-23,48.46,1,0.9,0,0,28,1.57,True,True,True,False,Partial,Declining,False,19,,,71,0,0,55,Medium,0.0
STU0233,Angela Davies,angela.davies@student.chester.ac.uk,Computer Science,2,2024-10-27,68.12,7,5.1,6,0,91,3.35,False,False,False,False,None,Improving,False,17,2025-02-27,Responded,13,0,0,10,Low,0.0
STU0234,Denise Jones,denise.jones@student.chester.ac.uk,Psychology,2,2024-09-11,84.89,8,3.79,4,0,88,3.39,False,True,False,False,None,Improving,False,14,,,17,0,0,13,Low,0.0
STU0235,Leslie Slater,leslie.slater@student.chester.ac.uk,Business Analytics,1,2024-09-28,72.12,1,0.95,2,0,56,3.26,False,False,False,False,None,Declining,False,11,2025-02-07,Responded,69,1,1,56,Medium,11.0
STU0236,Glen Lewis,glen.lewis@student.chester.ac.uk,Computer Science,2,2024-10-27,67.34,7,1.3,6,0,100,3.84,False,False,False,False,Partial,Improving,True,12,,,19,0,0,15,Low,0.0
STU0237,Ashleigh Bibi,ashleigh.bibi@student.chester.ac.uk,Engineering,3,2024-10-12,79.14,10,3.27,5,1,75,3.64,True,True,False,False,Partial,Stable,False,18,,,31,1,0,35,Medium,49.0
STU0238,Colin Summers,colin.summers@student.chester.ac.uk,Business Analytics,1,2024-10-18,100.0,15,9.32,8,0,97,3.54,False,True,True,False,Partial,Improving,True,12,2025-02-28,Meeting Scheduled,0,0,0,0,Low,0.0
STU0239,Damian Davies,damian.davies@student.chester.ac.uk,Computer Science,2,2024-10-23,99.26,9,4.17,5,0,82,3.35,False,True,False,True,None,Improving,True,13,,,9,1,0,18,Low,49.0
STU0240,Eric Forster,eric.forster@student.chester.ac.uk,Business Analytics,1,2024-10-25,72.23,1,0.43,5,0,53,2.0,True,False,False,True,Partial,Declining,False,15,,,57,1,0,55,Medium,49.0
STU0241,Sean Jennings,sean.jennings@student.chester.ac.uk,Data Science,3,2024-10-12,95.54,12,7.37,8,0,74,2.68,True,False,False,False,Partial,Improving,True,17,,,2,0,0,2,Low,0.0
STU0242,Duncan Robinson,duncan.robinson@student.chester.ac.uk,Business Analytics,3,2024-10-02,79.94,9,7.8,4,1,86,3.53,False,False,True,False,None,Stable,False,5,,,15,1,0,22,Low,49.0
STU0243,Kathryn Baker,kathryn.baker@student.chester.ac.uk,Psychology,1,2024-10-25,97.8,12,8.31,6,0,90,3.38,True,False,False,False,Full,Improving,True,16,,,4,0,0,3,Low,0.0
STU0244,Liam Murphy,liam.murphy@student.chester.ac.uk,Business Analytics,1,2024-10-02,72.77,3,2.53,5,0,59,2.79,True,True,True,True,None,Stable,False,4,,,32,0,0,25,Low,0.0
STU0245,Harriet Allen,harriet.allen@student.chester.ac.uk,Psychology,1,2024-10-22,86.27,5,3.65,5,0,77,2.29,False,True,False,True,Partial,Improving,False,10,2025-02-16,Responded,17,1,1,16,Low,11.0
STU0246,Bethan Cooper,bethan.cooper@student.chester.ac.uk,Computer Science,2,2024-10-24,85.39,9,8.19,6,0,71,2.34,False,False,False,False,Full,Stable,True,21,,,9,0,0,7,Low,0.0
STU0247,Tracey Smith,tracey.smith@student.chester.ac.uk,Computer Science,3,2024-10-02,81.38,2,0.65,4,0,46,2.28,True,False,False,False,Full,Declining,False,18,2025-03-15,Meeting Scheduled,61,3,1,60,Medium,58.33
STU0248,Abbie Holmes,abbie.holmes@student.chester.ac.uk,Engineering,3,2024-10-09,82.97,0,0.0,5,0,71,2.69,False,True,False,True,None,Declining,False,21,,,55,0,0,43,Medium,0.0
STU0249,Kenneth Marsh,kenneth.marsh@student.chester.ac.uk,Data Science,1,2024-10-21,61.81,0,1.02,2,0,35,1.99,False,True,False,False,None,Declining,False,5,,,79,0,0,62,Medium,0.0
STU0250,Gerald Jarvis,gerald.jarvis@student.chester.ac.uk,Data Science,3,2024-10-25,77.69,7,2.07,7,0,58,2.54,False,True,False,False,Partial,Improving,False,8,,,20,0,0,16,Low,0.0
STU0251,Bethan Weston,bethan.weston@student.chester.ac.uk,Computer Science,2,2024-10-11,84.03,10,7.75,5,1,81,2.61,True,False,False,True,None,Improving,True,12,,,8,1,0,17,Low,49.0
STU0252,Adam Bevan,adam.bevan@student.chester.ac.uk,Computer Science,1,2024-10-20,86.75,5,1.28,5,0,77,2.38,False,True,False,True,None,Declining,True,18,2025-02-23,Responded,27,0,0,21,Low,0.0
STU0253,Adrian Murphy,adrian.murphy@student.chester.ac.uk,Business Analytics,1,2024-09-19,69.18,2,1.21,4,1,57,2.94,True,True,False,True,Partial,Declining,False,15,,,57,0,0,44,Medium,0.0
STU0254,Gillian King,gillian.king@student.chester.ac.uk,Computer Science,1,2024-10-10,59.58,0,0.0,4,0,41,1.63,False,True,False,True,None,Stable,False,3,,,65,0,0,51,Medium,0.0
STU0255,Yvonne Wright,yvonne.wright@student.chester.ac.uk,Business Analytics,1,2024-10-11,100.0,18,8.76,8,0,100,3.31,False,False,False,False,None,Improving,True,19,,,2,0,0,2,Low,0.0
STU0256,Angela Osborne,angela.osborne@student.chester.ac.uk,Data Science,1,2024-09-17,73.13,11,5.32,5,0,72,2.73,True,False,False,False,Partial,Stable,False,20,,,16,0,0,12,Low,0.0
STU0257,Leanne Pugh,leanne.pugh@student.chester.ac.uk,Data Science,2,2024-09-08,97.9,10,5.62,7,0,78,3.55,False,False,False,True,Full,Improving,True,6,2025-02-21,Responded,9,0,0,7,Low,0.0
STU0258,Lorraine Williams,lorraine.williams@student.chester.ac.uk,Psychology,2,2024-09-05,87.02,11,5.03,6,1,92,3.28,False,True,True,False,Full,Stable,False,15,,,13,0,0,10,Low,0.0
STU0259,Sam Reid,sam.reid@student.chester.ac.uk,Psychology,1,2024-09-14,88.17,10,3.84,6,0,78,2.79,True,True,False,False,Partial,Improving,True,5,,,9,0,0,7,Low,0.0
STU0260,Alice Power,alice.power@student.chester.ac.uk,Business Analytics,3,2024-09-28,77.76,8,2.99,5,1,62,3.09,False,True,False,False,Partial,Stable,False,21,,,31,0,0,24,Low,0.0
STU0261,Louis Gray,louis.gray@student.chester.ac.uk,Engineering,3,2024-09-03,71.43,2,1.93,3,1,68,2.13,False,False,False,False,None,Stable,False,20,2025-02-20,No Response,44,1,1,37,Medium,11.0
STU0262,Martyn Miller,martyn.miller@student.chester.ac.uk,Engineering,1,2024-09-15,79.15,10,5.7,6,0,84,2.66,False,False,False,False,Full,Improving,False,6,2025-02-16,No Response,12,0,0,9,Low,0.0
STU0263,Maria Jones,maria.jones@student.chester.ac.uk,Computer Science,3,2024-10-08,85.72,8,3.28,5,2,73,2.89,False,False,False,True,Full,Stable,False,8,2025-03-14,Responded,31,0,0,24,Low,0.0
STU0264,Shane Robertson,shane.robertson@student.chester.ac.uk,Engineering,3,2024-09-16,57.81,2,1.3,3,1,75,3.31,True,True,False,False,Partial,Declining,False,5,,,55,1,0,54,Medium,49.0
STU0265,Martin Edwards,martin.edwards@student.chester.ac.uk,Data Science,2,2024-10-22,60.83,0,0.02,4,0,45,2.39,False,True,False,False,Full,Declining,False,9,,,74,0,0,58,Medium,0.0
STU0266,Damian Dixon,damian.dixon@student.chester.ac.uk,Business Analytics,1,2024-10-07,71.27,0,3.78,0,0,49,1.18,False,False,False,False,Partial,Declining,False,10,,,59,1,1,48,Medium,11.0
STU0267,Stanley Lawrence,stanley.lawrence@student.chester.ac.uk,Business Analytics,1,2024-10-31,80.13,4,2.6,4,0,67,2.72,False,True,False,True,None,Improving,False,16,,,23,0,0,18,Low,0.0
STU0268,Jonathan Khan,jonathan.khan@student.chester.ac.uk,Computer Science,1,2024-09-06,78.16,6,3.34,6,0,81,3.23,True,True,False,False,None,Stable,True,16,,,15,1,0,22,Low,49.0
STU0269,Dale Cooper,dale.cooper@student.chester.ac.uk,Psychology,2,2024-09-23,73.11,9,1.23,5,1,75,2.99,False,True,True,True,Partial,Improving,False,3,,,20,0,0,16,Low,0.0
STU0270,Carl Cole,carl.cole@student.chester.ac.uk,Data Science,1,2024-09-20,78.84,12,7.86,6,0,88,2.34,False,False,True,False,Partial,Stable,False,20,,,7,0,0,5,Low,0.0
STU0271,Philip Allan,philip.allan@student.chester.ac.uk,Data Science,1,2024-10-15,80.32,7,4.35,5,0,58,2.49,True,False,False,True,None,Declining,True,7,,,22,0,0,17,Low,0.0
STU0272,Mohamed Freeman,mohamed.freeman@student.chester.ac.uk,Data Science,1,2024-10-03,83.46,14,11.65,8,0,91,2.69,False,False,False,False,Partial,Declining,True,5,,,13,1,1,13,Low,11.0
STU0273,Elizabeth Farmer,elizabeth.farmer@student.chester.ac.uk,Engineering,1,2024-09-14,74.02,2,3.67,5,0,55,2.02,False,False,False,True,Full,Declining,False,3,2025-03-22,No Response,45,0,0,35,Medium,0.0
STU0274,Emily McCarthy,emily.mccarthy@student.chester.ac.uk,Data Science,1,2024-10-28,47.81,1,0.75,3,0,43,2.42,False,False,False,False,Partial,Declining,False,9,2025-03-18,No Response,80,2,1,71,High,41.0
STU0275,Fiona Harding,fiona.harding@student.chester.ac.uk,Data Science,3,2024-09-03,70.21,1,0.59,2,0,53,2.41,False,False,False,False,None,Declining,False,17,,,59,1,1,48,Medium,11.0
STU0276,Michael Baxter,michael.baxter@student.chester.ac.uk,Computer Science,2,2024-09-03,75.67,3,4.61,5,0,37,2.65,True,False,False,False,Partial,Improving,False,18,,,45,0,0,35,Medium,0.0
STU0277,Beverley Palmer,beverley.palmer@student.chester.ac.uk,Psychology,1,2024-09-28,71.42,5,6.65,5,0,66,2.62,True,False,False,False,Full,Declining,True,14,,,16,1,0,23,Low,49.0
STU0278,Thomas Hewitt,thomas.hewitt@student.chester.ac.uk,Data Science,1,2024-09-10,67.66,0,0.0,3,1,37,2.52,False,True,False,False,Full,Declining,True,20,2025-03-14,No Response,78,0,0,61,Medium,0.0
STU0279,Joel Mitchell,joel.mitchell@student.chester.ac.uk,Data Science,3,2024-10-31,65.91,0,0.0,4,0,62,2.28,True,False,False,False,Full,Declining,False,18,,,61,0,0,48,Medium,0.0
STU0280,Samantha Powell,samantha.powell@student.chester.ac.uk,Psychology,2,2024-09-26,71.24,2,1.6,4,0,64,2.67,False,True,False,False,Partial,Declining,False,14,,,45,0,0,35,Medium,0.0
STU0281,Janice Roberts,janice.roberts@student.chester.ac.uk,Engineering,1,2024-10-19,69.75,11,5.66,5,0,93,3.3,False,True,False,False,Partial,Improving,True,19,2025-02-09,Responded,6,0,0,5,Low,0.0
STU0282,Gerald Jones,gerald.jones@student.chester.ac.uk,Engineering,2,2024-10-02,69.17,0,0.71,3,0,42,2.69,True,False,False,False,Partial,Declining,False,16,2025-03-01,Responded,78,2,0,74,High,60.0
STU0283,Abdul Williams,abdul.williams@student.chester.ac.uk,Data Science,3,2024-10-10,93.13,9,4.66,8,0,83,2.94,True,False,False,False,Partial,Improving,False,7,,,13,0,0,10,Low,0.0
STU0284,Matthew McCarthy,matthew.mccarthy@student.chester.ac.uk,Business Analytics,3,2024-10-05,53.3,0,0.0,3,0,38,1.83,False,True,False,False,None,Stable,False,14,,,68,1,1,55,Medium,11.0
STU0285,Aimee Davies,aimee.davies@student.chester.ac.uk,Computer Science,2,2024-10-24,58.33,3,1.2,2,0,59,2.14,False,True,True,True,Full,Improving,False,12,,,31,0,0,24,Low,0.0
STU0286,Carol Wood,carol.wood@student.chester.ac.uk,Engineering,1,2024-09-25,62.38,1,2.94,7,0,61,2.18,False,False,False,True,None,Declining,False,9,,,49,0,0,38,Medium,0.0
STU0287,Jade Bell,jade.bell@student.chester.ac.uk,Psychology,3,2024-09-29,69.95,3,1.41,4,0,41,1.68,False,True,True,False,Partial,Declining,False,8,,,44,1,1,37,Medium,11.0
STU0288,Brenda Wilkinson,brenda.wilkinson@student.chester.ac.uk,Psychology,3,2024-10-08,100.0,13,10.19,8,0,95,3.04,False,True,False,False,None,Improving,True,18,2025-03-17,No Response,2,0,0,2,Low,0.0
STU0289,Lisa Wright,lisa.wright@student.chester.ac.uk,Data Science,3,2024-09-25,63.25,1,0.85,2,1,39,1.25,True,True,True,False,Partial,Declining,True,8,2025-02-17,Responded,55,5,3,58,Medium,70.2
STU0290,Cheryl Payne,cheryl.payne@student.chester.ac.uk,Psychology,2,2024-10-07,84.85,5,1.3,4,0,70,3.26,False,True,False,False,Full,Declining,False,5,,,40,0,0,31,Low,0.0
STU0291,Carly Rowe,carly.rowe@student.chester.ac.uk,Data Science,2,2024-10-11,88.63,13,7.51,5,0,76,2.56,False,False,False,False,None,Improving,False,21,2025-02-19,No Response,9,1,1,9,Low,11.0
STU0292,Bethany Clayton,bethany.clayton@student.chester.ac.uk,Psychology,2,2024-09-14,63.25,5,4.08,3,0,81,3.27,False,False,False,True,Full,Stable,False,19,2025-02-13,No Response,25,0,0,20,Low,0.0
STU0293,Elliot Lamb,elliot.lamb@student.chester.ac.uk,Engineering,3,2024-09-19,64.93,1,0.42,5,0,77,2.71,True,True,False,False,Partial,Declining,False,16,,,52,1,1,43,Medium,11.0
STU0294,Phillip Murphy,phillip.murphy@student.chester.ac.uk,Computer Science,1,2024-09-26,81.32,1,0.88,2,0,62,2.56,False,True,False,True,Full,Declining,False,3,,,55,0,0,43,Medium,0.0
STU0295,Tom Carter,tom.carter@student.chester.ac.uk,Computer Science,3,2024-10-31,82.84,7,2.95,5,0,64,2.09,False,False,False,False,Partial,Improving,True,20,,,14,0,0,11,Low,0.0
STU0296,Jessica White,jessica.white@student.chester.ac.uk,Data Science,3,2024-10-08,83.61,5,1.4,5,0,49,2.23,False,False,False,False,None,Declining,False,3,,,42,1,0,44,Medium,49.0
STU0297,Emily Smith,emily.smith@student.chester.ac.uk,Computer Science,2,2024-10-13,70.5,2,1.54,5,0,84,2.73,False,False,False,False,Partial,Declining,False,3,,,49,0,0,38,Medium,0.0
STU0298,Jonathan Jones,jonathan.jones@student.chester.ac.uk,Business Analytics,3,2024-09-07,83.45,10,4.55,7,1,83,3.13,True,True,False,False,Full,Declining,True,9,,,20,0,0,16,Low,0.0
STU0299,Sheila Barnett,sheila.barnett@student.chester.ac.uk,Computer Science,1,2024-09-19,85.97,9,4.52,4,0,70,3.25,False,False,False,False,Full,Stable,True,21,,,20,0,0,16,Low,0.0
STU0300,Bruce Wilson,bruce.wilson@student.chester.ac.uk,Psychology,2,2024-09-13,97.0,13,6.01,7,0,73,2.39,False,True,False,True,Partial,Improving,True,14,2025-03-15,No Response,3,0,0,2,Low,0.0
STU0301,Brian Porter,brian.porter@student.chester.ac.uk,Psychology,1,2024-10-30,83.13,8,3.12,6,0,75,2.05,True,True,False,False,Partial,Declining,True,16,,,21,0,0,16,Low,0.0
STU0302,Naomi Thomas,naomi.thomas@student.chester.ac.uk,Psychology,2,2024-09-10,79.51,3,2.71,3,1,60,2.72,False,False,False,False,Partial,Improving,False,10,2025-02-23,Responded,35,0,0,27,Low,0.0
STU0303,Robert Wells,robert.wells@student.chester.ac.uk,Data Science,2,2024-09-11,46.66,1,0.66,3,0,48,2.07,True,True,False,False,Partial,Declining,False,8,,,65,0,0,51,Medium,0.0
STU0304,Marc Bryant,marc.bryant@student.chester.ac.uk,Business Analytics,2,2024-09-30,73.7,4,2.81,3,1,56,2.22,False,False,False,False,None,Declining,False,8,,,43,0,0,34,Medium,0.0
STU0305,Brenda Wyatt,brenda.wyatt@student.chester.ac.uk,Engineering,1,2024-09-01,66.54,1,0.79,4,2,56,2.78,False,True,False,False,None,Stable,False,15,,,60,2,1,56,Medium,41.0
STU0306,Malcolm Jones,malcolm.jones@student.chester.ac.uk,Engineering,2,2024-10-25,95.34,8,7.53,6,0,89,3.15,False,False,False,True,Partial,Declining,True,6,,,15,0,0,12,Low,0.0
STU0307,Geoffrey Moore,geoffrey.moore@student.chester.ac.uk,Data Science,2,2024-10-21,72.74,1,0.78,5,0,65,2.84,False,False,False,False,Partial,Declining,False,7,,,55,0,0,43,Medium,0.0
STU0308,Charlie Hall,charlie.hall@student.chester.ac.uk,Psychology,3,2024-10-03,57.44,2,1.65,6,0,43,1.75,True,False,False,False,Full,Declining,False,15,2025-03-11,No Response,56,3,1,57,Medium,58.33
STU0309,Douglas Perkins,douglas.perkins@student.chester.ac.uk,Psychology,2,2024-09-28,59.66,0,0.0,3,1,47,2.41,False,True,True,False,None,Declining,False,3,,,71,0,0,55,Medium,0.0
STU0310,Mohammed Butler,mohammed.butler@student.chester.ac.uk,Psychology,1,2024-10-02,82.2,11,2.45,5,0,82,2.68,False,False,False,False,Partial,Declining,False,12,2025-02-22,Responded,32,0,0,25,Low,0.0
STU0311,Geoffrey Hobbs,geoffrey.hobbs@student.chester.ac.uk,Business Analytics,2,2024-10-30,74.86,0,0.0,4,0,44,2.08,False,True,True,False,None,Declining,False,21,,,56,4,1,60,Medium,72.5
STU0312,Ben Arnold,ben.arnold@student.chester.ac.uk,Engineering,3,2024-10-27,88.38,6,2.89,6,1,52,2.25,False,True,False,False,Full,Improving,True,13,,,18,0,0,14,Low,0.0
STU0313,Raymond Whitehead,raymond.whitehead@student.chester.ac.uk,Psychology,1,2024-09-24,65.99,3,1.32,3,1,59,1.63,False,False,False,False,None,Declining,False,12,2025-03-13,Responded,51,0,0,40,Medium,0.0
STU0314,Graeme Allen,graeme.allen@student.chester.ac.uk,Business Analytics,3,2024-09-12,70.62,0,0.0,3,0,54,1.77,False,True,False,True,Full,Declining,False,10,2025-03-16,No Response,61,1,0,58,Medium,49.0
STU0315,Nicola Frost,nicola.frost@student.chester.ac.uk,Engineering,3,2024-09-08,64.03,1,0.51,5,0,48,2.12,True,True,False,False,Full,Declining,False,14,,,58,3,1,58,Medium,58.33
STU0316,Joe Wallis,joe.wallis@student.chester.ac.uk,Data Science,1,2024-10-17,85.66,14,9.79,6,0,80,2.97,False,False,True,False,Partial,Stable,False,8,,,9,1,1,9,Low,11.0
STU0317,Hollie Burke,hollie.burke@student.chester.ac.uk,Computer Science,3,2024-10-04,86.84,13,5.69,6,0,86,3.05,False,False,True,True,Partial,Improving,True,19,2025-03-04,No Response,0,0,0,0,Low,0.0
STU0318,Norman Warner,norman.warner@student.chester.ac.uk,Psychology,2,2024-10-29,79.95,5,2.85,5,0,69,2.59,False,True,False,False,None,Declining,True,18,,,23,0,0,18,Low,0.0
STU0319,Josh Baker,josh.baker@student.chester.ac.uk,Computer Science,3,2024-10-22,50.77,1,2.54,1,2,43,2.15,True,False,False,False,None,Declining,False,11,,,77,0,0,60,Medium,0.0
STU0320,Grace Nelson,grace.nelson@student.chester.ac.uk,Engineering,2,2024-09-13,41.29,1,0.29,1,0,31,1.36,False,True,False,False,None,Declining,False,6,,,80,1,1,65,Medium,11.0
STU0321,Anna Gill,anna.gill@student.chester.ac.uk,Business Analytics,3,2024-09-02,98.38,4,1.39,6,0,77,3.2,False,True,False,False,Full,Improving,True,21,2025-03-12,No Response,19,0,0,15,Low,0.0
STU0322,Denis Kent,denis.kent@student.chester.ac.uk,Computer Science,1,2024-10-02,65.8,0,1.9,1,0,35,2.04,False,False,False,True,None,Declining,False,16,2025-02-28,Meeting Scheduled,77,1,1,62,Medium,11.0
STU0323,Irene Middleton,irene.middleton@student.chester.ac.uk,Computer Science,3,2024-09-24,81.74,7,2.11,2,1,79,2.81,False,True,False,False,Partial,Declining,False,13,,,37,0,0,29,Low,0.0
STU0324,Kathleen Miah,kathleen.miah@student.chester.ac.uk,Engineering,3,2024-09-26,75.52,3,2.74,5,0,66,2.17,False,False,False,True,None,Declining,False,4,2025-02-06,No Response,41,0,0,32,Low,0.0
STU0325,James Baker,james.baker@student.chester.ac.uk,Engineering,1,2024-10-16,65.8,5,4.21,6,0,79,2.77,True,False,False,False,Partial,Stable,False,15,,,21,1,0,27,Low,49.0
STU0326,Wendy Webb,wendy.webb@student.chester.ac.uk,Business Analytics,2,2024-10-26,73.39,12,5.64,6,1,79,2.87,True,False,False,False,Full,Declining,False,21,,,23,0,0,18,Low,0.0
STU0327,Linda Woods,linda.woods@student.chester.ac.uk,Business Analytics,1,2024-10-30,69.66,6,2.8,7,0,97,4.0,True,False,False,False,Full,Improving,True,9,2025-02-16,No Response,13,0,0,10,Low,0.0
STU0328,Kelly Goddard,kelly.goddard@student.chester.ac.uk,Psychology,3,2024-10-01,64.92,0,1.99,2,0,70,2.79,False,False,False,True,Partial,Declining,False,8,,,60,4,1,63,Medium,72.5
STU0329,Tracy Noble,tracy.noble@student.chester.ac.uk,Business Analytics,2,2024-10-28,62.94,0,0.0,4,1,42,2.37,False,False,False,False,Partial,Declining,False,3,2025-02-28,Meeting Scheduled,84,3,2,76,High,45.67
STU0330,Zoe Arnold,zoe.arnold@student.chester.ac.uk,Computer Science,2,2024-09-26,82.68,7,5.58,3,1,70,3.4,False,False,False,True,Full,Stable,True,4,2025-03-01,Meeting Scheduled,23,1,1,20,Low,11.0
STU0331,Mathew Richards,mathew.richards@student.chester.ac.uk,Data Science,3,2024-10-14,81.99,4,2.72,5,0,65,2.83,False,True,False,False,Full,Improving,False,7,,,24,0,0,19,Low,0.0
STU0332,Shannon Russell,shannon.russell@student.chester.ac.uk,Business Analytics,3,2024-09-08,92.01,13,4.39,6,0,97,3.75,False,True,False,False,Partial,Improving,True,4,,,8,0,0,6,Low,0.0
STU0333,Natalie Williams,natalie.williams@student.chester.ac.uk,Computer Science,2,2024-10-10,60.88,0,0.0,3,0,52,2.16,True,True,False,False,Full,Declining,False,15,,,64,2,1,59,Medium,41.0
STU0334,Jenna Phillips,jenna.phillips@student.chester.ac.uk,Data Science,3,2024-09-08,83.66,8,5.39,5,0,72,2.77,False,False,False,True,Partial,Stable,False,7,,,19,0,0,15,Low,0.0
STU0335,Duncan Holden,duncan.holden@student.chester.ac.uk,Computer Science,2,2024-09-04,89.34,5,5.53,2,0,64,2.3,False,False,False,False,None,Declining,False,15,,,26,0,0,20,Low,0.0
STU0336,Nicholas White,nicholas.white@student.chester.ac.uk,Data Science,3,2024-10-09,88.73,18,12.65,6,0,100,3.85,False,False,False,False,None,Improving,True,5,2025-02-22,Meeting Scheduled,4,0,0,3,Low,0.0
STU0337,Barbara Smith,barbara.smith@student.chester.ac.uk,Computer Science,1,2024-10-14,73.47,8,4.56,5,0,72,2.6,True,True,False,False,Partial,Improving,False,17,,,13,0,0,10,Low,0.0
STU0338,Gillian Pearce,gillian.pearce@student.chester.ac.uk,Data Science,2,2024-10-19,78.33,10,9.03,3,0,63,3.06,False,False,False,True,Full,Declining,True,5,,,24,0,0,19,Low,0.0
STU0339,Aimee Lamb,aimee.lamb@student.chester.ac.uk,Business Analytics,2,2024-09-20,94.04,11,4.22,7,0,83,3.74,False,False,False,True,Full,Improving,True,13,,,13,0,0,10,Low,0.0
STU0340,Matthew Hughes,matthew.hughes@student.chester.ac.uk,Business Analytics,3,2024-10-26,83.85,2,1.87,5,1,71,2.85,False,False,False,False,Full,Improving,True,17,,,33,0,0,26,Low,0.0
STU0341,Victor Clayton,victor.clayton@student.chester.ac.uk,Psychology,2,2024-10-24,60.8,3,3.21,5,1,83,3.34,False,False,False,False,Full,Declining,False,17,,,44,0,0,34,Medium,0.0
STU0342,Phillip Evans,phillip.evans@student.chester.ac.uk,Computer Science,1,2024-09-01,75.83,6,2.57,5,2,70,2.39,False,False,False,True,Full,Declining,False,10,,,39,0,0,30,Low,0.0
STU0343,Garry Cook,garry.cook@student.chester.ac.uk,Business Analytics,1,2024-09-27,76.89,4,3.91,5,0,70,2.8,False,False,False,False,Partial,Declining,False,10,,,32,0,0,25,Low,0.0
STU0344,Jodie Harrison,jodie.harrison@student.chester.ac.uk,Computer Science,1,2024-10-21,62.6,3,2.71,4,1,57,2.37,False,False,False,False,Partial,Stable,False,15,2025-02-22,Responded,42,0,0,33,Low,0.0
STU0345,Martyn Humphreys,martyn.humphreys@student.chester.ac.uk,Psychology,3,2024-10-06,72.03,1,0.21,5,0,56,2.39,True,True,False,False,Partial,Declining,False,10,,,54,3,1,55,Medium,58.33
STU0346,Georgia Wells,georgia.wells@student.chester.ac.uk,Psychology,1,2024-09-22,78.26,5,1.05,3,1,69,2.94,False,True,False,False,None,Declining,False,13,,,38,1,1,32,Low,11.0
STU0347,Graham Smith,graham.smith@student.chester.ac.uk,Engineering,2,2024-10-07,83.83,15,8.7,7,0,85,2.85,False,True,False,False,Partial,Stable,True,17,,,8,0,0,6,Low,0.0
STU0348,Jane Jones,jane.jones@student.chester.ac.uk,Business Analytics,2,2024-10-22,82.22,7,1.32,5,0,81,3.16,False,True,False,False,None,Improving,False,9,2025-02-27,Meeting Scheduled,22,0,0,17,Low,0.0
STU0349,Cameron Marshall,cameron.marshall@student.chester.ac.uk,Data Science,1,2024-10-25,77.3,2,0.62,2,1,52,2.5,False,True,False,False,Partial,Declining,False,21,,,59,1,0,57,Medium,49.0
STU0350,Leah Ellis,leah.ellis@student.chester.ac.uk,Psychology,1,2024-10-20,76.57,10,5.03,6,0,84,2.86,True,False,True,False,Full,Stable,True,9,,,5,0,0,4,Low,0.0
STU0351,Lucy James,lucy.james@student.chester.ac.uk,Engineering,3,2024-10-15,99.63,15,8.66,6,0,92,3.51,False,True,False,False,Full,Stable,True,15,,,9,0,0,7,Low,0.0
STU0352,Colin Harris,colin.harris@student.chester.ac.uk,Data Science,1,2024-10-01,75.17,8,2.88,6,0,74,2.69,False,True,False,True,Full,Improving,True,15,2025-02-14,Responded,11,0,0,9,Low,0.0
STU0353,Carol Marshall,carol.marshall@student.chester.ac.uk,Business Analytics,3,2024-09-02,86.94,10,3.96,4,1,78,2.94,True,True,False,False,None,Stable,True,4,2025-03-10,No Response,19,0,0,15,Low,0.0
STU0354,Stewart Adams,stewart.adams@student.chester.ac.uk,Business Analytics,2,2024-09-23,70.28,4,3.84,5,2,49,2.99,False,True,False,False,Partial,Stable,False,19,2025-03-18,Meeting Scheduled,46,0,0,36,Medium,0.0
STU0355,Laura Jones,laura.jones@student.chester.ac.uk,Business Analytics,1,2024-09-12,75.82,2,2.45,6,0,64,2.71,False,False,True,False,Full,Declining,False,6,,,38,0,0,30,Low,0.0
STU0356,Melanie Ward,melanie.ward@student.chester.ac.uk,Computer Science,2,2024-10-20,81.98,4,1.28,6,0,74,2.7,False,True,True,False,None,Stable,True,16,,,17,0,0,13,Low,0.0
STU0357,Georgina Butcher,georgina.butcher@student.chester.ac.uk,Data Science,2,2024-09-05,64.0,1,0.24,1,0,59,1.74,True,True,True,False,Partial,Declining,False,11,,,51,0,0,40,Medium,0.0
STU0358,Rita Price,rita.price@student.chester.ac.uk,Psychology,3,2024-10-21,62.74,4,3.12,5,0,80,2.91,True,True,False,False,Partial,Improving,False,18,,,23,2,0,31,Low,60.0
STU0359,Stewart Smith,stewart.smith@student.chester.ac.uk,Engineering,1,2024-10-11,76.09,10,3.91,5,0,59,2.25,True,True,False,False,Full,Declining,False,5,,,28,0,0,22,Low,0.0
STU0360,Trevor Atkinson,trevor.atkinson@student.chester.ac.uk,Data Science,2,2024-10-05,87.28,7,4.06,6,0,69,2.62,False,False,False,False,Full,Improving,False,7,,,17,0,0,13,Low,0.0
STU0361,Guy Baldwin,guy.baldwin@student.chester.ac.uk,Psychology,3,2024-10-31,86.27,5,3.62,4,1,71,2.61,False,False,False,False,None,Stable,False,13,,,27,0,0,21,Low,0.0
STU0362,Paula Watson,paula.watson@student.chester.ac.uk,Computer Science,2,2024-10-27,80.09,9,5.32,6,0,70,3.27,True,False,False,True,Partial,Stable,True,13,,,16,1,1,15,Low,11.0
STU0363,Hollie Gallagher,hollie.gallagher@student.chester.ac.uk,Data Science,3,2024-09-30,75.15,3,1.33,3,1,59,2.98,False,True,False,True,None,Declining,True,5,,,47,0,0,37,Medium,0.0
STU0364,Robin Hicks,robin.hicks@student.chester.ac.uk,Business Analytics,3,2024-09-22,92.45,10,3.58,7,0,76,2.91,False,False,True,False,Full,Improving,True,9,2025-02-06,No Response,4,0,0,3,Low,0.0
STU0365,Martyn Wood,martyn.wood@student.chester.ac.uk,Psychology,3,2024-09-28,79.62,2,2.39,4,1,49,2.63,False,False,False,False,Partial,Declining,False,14,2025-02-26,Responded,61,2,1,57,Medium,41.0
STU0366,Judith Anderson,judith.anderson@student.chester.ac.uk,Business Analytics,1,2024-10-23,83.43,3,0.93,7,0,61,2.44,False,True,False,False,None,Declining,False,10,2025-02-14,Responded,40,1,0,42,Medium,49.0
STU0367,Oliver Lee,oliver.lee@student.chester.ac.uk,Business Analytics,2,2024-09-07,69.82,1,0.5,2,1,50,1.95,False,True,False,False,Full,Declining,False,17,,,61,1,0,58,Medium,49.0
STU0368,Bryan Wilson,bryan.wilson@student.chester.ac.uk,Business Analytics,2,2024-10-27,67.17,10,4.71,6,0,100,4.0,False,True,False,True,Partial,Stable,False,5,,,20,0,0,16,Low,0.0
STU0369,Antony Stokes,antony.stokes@student.chester.ac.uk,Data Science,1,2024-09-15,86.61,17,7.56,5,1,80,3.27,True,False,True,False,Full,Improving,False,19,,,6,0,0,5,Low,0.0
STU0370,Lindsey Wilkinson,lindsey.wilkinson@student.chester.ac.uk,Data Science,1,2024-09-28,58.2,1,0.94,4,1,55,2.22,True,True,False,False,Full,Declining,False,20,,,58,0,0,45,Medium,0.0
STU0371,Henry Thomas,henry.thomas@student.chester.ac.uk,Psychology,2,2024-10-16,85.42,9,4.17,7,0,94,3.66,False,True,False,False,Partial,Stable,True,13,2025-03-09,Meeting Scheduled,12,0,0,9,Low,0.0
STU0372,Alexander Fisher,alexander.fisher@student.chester.ac.uk,Data Science,3,2024-09-27,61.23,0,0.0,3,0,64,2.43,True,True,False,False,Full,Declining,False,21,2025-02-21,No Response,59,1,0,57,Medium,49.0
STU0373,Amelia Curtis,amelia.curtis@student.chester.ac.uk,Business Analytics,1,2024-09-08,90.97,12,8.57,6,0,66,2.62,False,False,False,False,None,Stable,False,21,,,13,0,0,10,Low,0.0
STU0374,Kim Taylor,kim.taylor@student.chester.ac.uk,Data Science,1,2024-10-15,61.31,0,0.62,2,1,40,1.75,True,False,False,False,None,Declining,False,16,,,75,4,3,70,High,53.5
STU0375,Abigail Webb,abigail.webb@student.chester.ac.uk,Data Science,1,2024-10-17,83.98,10,6.5,8,0,80,2.94,False,True,False,False,Full,Improving,True,21,,,2,0,0,2,Low,0.0
STU0376,James Allen,james.allen@student.chester.ac.uk,Business Analytics,2,2024-09-07,69.07,1,0.59,3,0,57,2.58,False,True,False,False,Partial,Declining,False,7,,,55,1,0,54,Medium,49.0
STU0377,Pauline Jones,pauline.jones@student.chester.ac.uk,Engineering,1,2024-10-15,68.83,0,0.0,3,0,59,2.14,False,False,False,False,None,Declining,False,17,,,62,0,0,48,Medium,0.0
STU0378,Maurice Gallagher,maurice.gallagher@student.chester.ac.uk,Business Analytics,1,2024-09-01,74.99,0,0.21,0,0,35,2.27,False,False,False,True,Full,Improving,False,5,,,76,0,0,59,Medium,0.0
STU0379,Lee Smith,lee.smith@student.chester.ac.uk,Psychology,3,2024-09-03,66.44,0,0.0,5,0,71,2.81,False,True,False,False,Partial,Declining,False,15,2025-03-09,Responded,57,1,0,55,Medium,49.0
STU0380,Lesley Clark,lesley.clark@student.chester.ac.uk,Psychology,1,2024-09-27,98.68,17,6.15,7,1,85,3.21,True,True,False,False,Partial,Improving,False,11,,,13,0,0,10,Low,0.0
STU0381,Gary Matthews,gary.matthews@student.chester.ac.uk,Computer Science,3,2024-10-07,64.32,4,4.58,2,0,74,2.2,True,False,False,False,None,Declining,False,6,,,36,0,0,28,Low,0.0
STU0382,Liam Mellor,liam.mellor@student.chester.ac.uk,Computer Science,2,2024-10-03,68.26,1,1.5,5,0,38,1.46,False,True,False,False,Partial,Declining,False,13,,,59,1,0,57,Medium,49.0
STU0383,Joyce Collier,joyce.collier@student.chester.ac.uk,Psychology,2,2024-10-18,96.38,12,5.99,6,0,97,3.62,False,True,False,False,Partial,Stable,True,19,2025-03-14,No Response,9,0,0,7,Low,0.0
STU0384,Kieran Barker,kieran.barker@student.chester.ac.uk,Engineering,1,2024-10-14,77.04,2,1.74,4,0,49,2.08,False,False,False,False,Full,Declining,True,4,2025-03-12,No Response,47,2,1,46,Medium,41.0
STU0385,Leon Cunningham,leon.cunningham@student.chester.ac.uk,Engineering,2,2024-10-22,90.72,11,10.18,5,1,87,3.57,False,False,False,False,Partial,Stable,True,5,2025-02-22,Responded,13,0,0,10,Low,0.0
STU0386,Frederick Iqbal,frederick.iqbal@student.chester.ac.uk,Computer Science,3,2024-09-11,78.06,4,4.49,5,0,83,2.77,False,False,False,False,Partial,Declining,False,15,,,30,0,0,23,Low,0.0
STU0387,Helen Butler,helen.butler@student.chester.ac.uk,Engineering,2,2024-10-21,60.43,0,3.28,5,0,31,1.38,False,False,False,True,Partial,Declining,False,11,,,67,1,1,55,Medium,11.0
STU0388,Marian Wilson,marian.wilson@student.chester.ac.uk,Psychology,1,2024-09-15,74.68,8,2.86,2,0,55,2.14,False,True,False,False,Full,Declining,False,5,,,36,0,0,28,Low,0.0
STU0389,Zoe Palmer,zoe.palmer@student.chester.ac.uk,Business Analytics,3,2024-10-08,85.2,6,3.25,6,1,87,2.98,False,False,False,False,Full,Improving,False,21,,,20,0,0,16,Low,0.0
STU0390,Angela Jordan,angela.jordan@student.chester.ac.uk,Computer Science,1,2024-09-24,82.94,21,8.96,7,0,93,3.3,False,False,False,False,Full,Improving,True,11,,,3,1,1,5,Low,11.0
STU0391,Joan Scott,joan.scott@student.chester.ac.uk,Psychology,1,2024-10-14,85.17,6,2.69,5,0,75,2.49,True,True,True,True,Partial,Declining,False,9,,,23,0,0,18,Low,0.0
STU0392,Stewart Pearce,stewart.pearce@student.chester.ac.uk,Data Science,3,2024-09-26,68.2,0,0.0,4,0,43,1.86,False,True,False,True,None,Declining,False,8,,,66,4,3,63,Medium,53.5
STU0393,Darren John,darren.john@student.chester.ac.uk,Data Science,1,2024-10-07,63.62,1,0.93,1,1,43,1.69,False,False,False,False,Full,Declining,False,8,2025-03-18,No Response,71,1,1,58,Medium,11.0
STU0394,Nigel May,nigel.may@student.chester.ac.uk,Engineering,1,2024-10-15,72.88,2,1.45,4,0,64,2.42,False,True,True,False,None,Declining,True,14,,,33,0,0,26,Low,0.0
STU0395,Gavin Johnson,gavin.johnson@student.chester.ac.uk,Computer Science,1,2024-10-07,81.82,8,6.04,7,0,83,3.19,True,False,False,False,Full,Improving,True,5,,,3,0,0,2,Low,0.0
STU0396,Arthur Benson,arthur.benson@student.chester.ac.uk,Business Analytics,2,2024-10-07,65.77,0,3.25,4,0,46,2.38,False,False,False,True,Partial,Declining,False,5,,,66,2,1,60,Medium,41.0
STU0397,Charles Smith,charles.smith@student.chester.ac.uk,Engineering,3,2024-09-01,91.57,17,11.96,8,0,95,3.73,False,False,False,False,Partial,Stable,True,3,,,7,1,1,8,Low,11.0
STU0398,Lynn Tucker,lynn.tucker@student.chester.ac.uk,Business Analytics,1,2024-09-02,53.36,0,0.0,1,2,48,2.16,False,False,False,False,Partial,Declining,False,19,,,81,2,2,68,High,22.0
STU0399,Paul Hanson,paul.hanson@student.chester.ac.uk,Engineering,1,2024-10-30,74.77,1,3.12,4,0,60,2.33,False,False,False,False,None,Improving,False,20,2025-03-19,Responded,36,0,0,28,Low,0.0
STU0400,Charlene Wright,charlene.wright@student.chester.ac.uk,Computer Science,2,2024-10-23,44.48,0,0.42,1,0,28,2.52,True,True,False,True,None,Stable,False,9,2025-02-21,No Response,90,0,0,70,High,0.0
STU0401,Iain Higgins,iain.higgins@student.chester.ac.uk,Computer Science,2,2024-10-19,74.03,0,0.0,2,0,57,2.28,False,False,False,False,None,Stable,False,3,,,60,2,0,60,Medium,60.0
STU0402,Gerard Goddard,gerard.goddard@student.chester.ac.uk,Data Science,1,2024-10-29,82.66,3,2.18,5,0,59,2.3,True,True,False,False,None,Declining,False,21,,,38,0,0,30,Low,0.0
STU0403,Rita Taylor,rita.taylor@student.chester.ac.uk,Psychology,2,2024-10-20,58.29,1,0.4,0,1,69,2.72,False,False,False,True,Full,Declining,False,21,,,66,1,1,54,Medium,11.0
STU0404,Steven Holmes,steven.holmes@student.chester.ac.uk,Engineering,2,2024-10-13,93.27,10,6.21,6,1,66,2.95,False,False,False,False,Full,Improving,False,18,,,12,1,0,20,Low,49.0
STU0405,Arthur Greenwood,arthur.greenwood@student.chester.ac.uk,Computer Science,1,2024-09-29,84.76,16,5.03,7,0,89,3.46,False,True,False,False,Full,Stable,True,17,,,10,0,0,8,Low,0.0
STU0406,Kayleigh Wright,kayleigh.wright@student.chester.ac.uk,Computer Science,2,2024-09-03,75.33,2,1.67,5,0,64,3.08,False,False,False,False,None,Declining,False,4,,,54,2,0,55,Medium,60.0
STU0407,Joe Field,joe.field@student.chester.ac.uk,Psychology,2,2024-10-15,81.63,5,4.31,5,0,70,2.96,True,True,False,True,Partial,Stable,True,11,,,14,0,0,11,Low,0.0
STU0408,Paige Wilson,paige.wilson@student.chester.ac.uk,Psychology,3,2024-09-29,76.05,2,3.15,5,0,74,3.04,True,False,False,False,Partial,Declining,False,13,2025-03-11,No Response,42,0,0,33,Low,0.0
STU0409,Kieran Walker,kieran.walker@student.chester.ac.uk,Engineering,3,2024-09-01,71.07,5,2.4,3,0,54,2.51,False,False,True,False,None,Declining,False,14,,,34,0,0,27,Low,0.0
STU0410,Patrick Hammond,patrick.hammond@student.chester.ac.uk,Engineering,3,2024-10-08,58.74,0,0.0,1,0,34,1.93,False,True,False,False,Full,Declining,False,17,2025-02-27,Responded,81,1,1,66,Medium,11.0
STU0411,Roger James,roger.james@student.chester.ac.uk,Computer Science,3,2024-10-13,75.2,5,4.78,5,0,70,3.25,True,False,False,False,Partial,Declining,False,8,,,31,0,0,24,Low,0.0
STU0412,Marilyn Morris,marilyn.morris@student.chester.ac.uk,Engineering,2,2024-09-06,60.13,0,0.0,4,0,46,1.99,True,False,False,False,None,Improving,False,14,2025-03-03,Responded,59,3,0,62,Medium,71.0
STU0413,Shirley Woodward,shirley.woodward@student.chester.ac.uk,Data Science,2,2024-10-29,82.02,11,9.02,7,0,50,2.52,False,False,True,True,Full,Declining,True,11,,,17,0,0,13,Low,0.0
STU0414,Jennifer Harvey,jennifer.harvey@student.chester.ac.uk,Computer Science,3,2024-09-12,61.97,0,0.54,1,2,44,2.11,False,False,False,False,Full,Declining,False,20,,,81,0,0,63,Medium,0.0
STU0415,Charlene Rogers,charlene.rogers@student.chester.ac.uk,Data Science,3,2024-09-02,67.18,8,3.42,5,0,50,2.37,True,True,False,True,None,Improving,False,3,,,28,1,1,24,Low,11.0
STU0416,Sophie Hewitt,sophie.hewitt@student.chester.ac.uk,Engineering,2,2024-09-20,71.12,5,4.79,6,0,43,1.87,False,False,False,True,Full,Declining,False,10,2025-02-14,No Response,32,0,0,25,Low,0.0
STU0417,Donna Powell,donna.powell@student.chester.ac.uk,Psychology,2,2024-09-21,70.83,6,1.13,4,0,45,2.23,False,True,False,False,None,Declining,True,10,,,39,1,1,33,Low,11.0
STU0418,Jennifer Francis,jennifer.francis@student.chester.ac.uk,Data Science,2,2024-10-24,81.0,4,6.6,2,0,66,2.07,False,False,False,False,None,Declining,False,9,,,29,0,0,23,Low,0.0
STU0419,Simon Ball,simon.ball@student.chester.ac.uk,Computer Science,1,2024-09-12,78.27,4,1.96,8,0,76,2.43,False,True,False,True,Full,Declining,False,17,,,31,0,0,24,Low,0.0
STU0420,Brandon Butler,brandon.butler@student.chester.ac.uk,Computer Science,1,2024-09-13,100.0,14,9.82,8,0,100,3.56,False,False,False,True,Partial,Improving,True,18,,,2,0,0,2,Low,0.0
STU0421,Richard Green,richard.green@student.chester.ac.uk,Psychology,2,2024-10-28,56.62,0,0.0,3,0,23,1.49,True,False,False,False,None,Improving,False,17,2025-02-21,No Response,77,2,1,69,High,41.0
STU0422,Frances Lee,frances.lee@student.chester.ac.uk,Computer Science,3,2024-10-31,71.82,1,0.85,5,0,51,2.64,True,True,False,True,Partial,Stable,False,11,,,55,5,3,58,Medium,70.2
STU0423,Beverley Fox,beverley.fox@student.chester.ac.uk,Data Science,3,2024-09-02,56.2,0,1.91,4,1,49,2.44,True,False,True,False,Partial,Declining,False,19,,,64,0,0,50,Medium,0.0
STU0424,Michael Watkins,michael.watkins@student.chester.ac.uk,Engineering,2,2024-09-14,79.27,4,4.14,5,0,47,2.52,False,False,False,False,Full,Stable,True,14,2025-02-16,Responded,32,0,0,25,Low,0.0
STU0425,Ellie Perry,ellie.perry@student.chester.ac.uk,Psychology,1,2024-10-04,71.79,0,0.0,1,2,34,1.63,False,True,False,False,None,Declining,False,12,,,78,1,1,63,Medium,11.0
STU0426,Melissa Thomas,melissa.thomas@student.chester.ac.uk,Engineering,2,2024-09-22,80.75,1,4.9,3,1,37,1.71,False,False,False,True,None,Declining,False,8,,,58,1,0,56,Medium,49.0
STU0427,Clive Jones,clive.jones@student.chester.ac.uk,Business Analytics,2,2024-09-06,85.76,11,7.54,1,0,93,3.8,False,False,False,True,Full,Improving,False,10,2025-02-26,No Response,15,0,0,12,Low,0.0
STU0428,Naomi Williams,naomi.williams@student.chester.ac.uk,Psychology,1,2024-09-28,66.79,5,3.78,3,0,55,2.07,False,True,False,True,None,Stable,False,17,,,25,0,0,20,Low,0.0
STU0429,Ricky Clayton,ricky.clayton@student.chester.ac.uk,Computer Science,3,2024-10-02,64.92,3,6.36,3,0,76,2.54,False,False,False,False,Partial,Stable,False,20,,,27,0,0,21,Low,0.0
STU0430,Fiona Williams,fiona.williams@student.chester.ac.uk,Engineering,2,2024-09-01,56.24,1,0.21,3,1,51,2.08,False,True,True,True,Partial,Declining,False,19,,,57,0,0,44,Medium,0.0
STU0431,Abigail Morgan,abigail.morgan@student.chester.ac.uk,Engineering,3,2024-09-29,88.95,8,3.03,5,0,69,2.72,False,False,False,False,Full,Stable,True,14,,,19,0,0,15,Low,0.0
STU0432,Pauline Godfrey,pauline.godfrey@student.chester.ac.uk,Psychology,3,2024-09-21,79.55,3,0.61,5,0,87,2.91,True,False,False,True,Full,Declining,False,21,,,44,0,0,34,Medium,0.0
STU0433,Brett Potter,brett.potter@student.chester.ac.uk,Business Analytics,1,2024-09-17,69.79,0,0.0,4,0,36,1.37,False,False,False,True,Partial,Declining,False,10,,,72,0,0,56,Medium,0.0
STU0434,Stuart Taylor,stuart.taylor@student.chester.ac.uk,Computer Science,3,2024-09-23,73.2,4,3.26,5,1,73,3.17,False,False,True,False,Partial,Stable,True,19,,,19,0,0,15,Low,0.0
STU0435,Hugh Ali,hugh.ali@student.chester.ac.uk,Psychology,1,2024-10-09,78.82,2,1.92,6,0,73,3.07,False,False,False,False,Full,Declining,False,6,2025-02-21,Meeting Scheduled,46,0,0,36,Medium,0.0
STU0436,Olivia Barber,olivia.barber@student.chester.ac.uk,Data Science,3,2024-09-28,81.81,7,3.78,3,1,43,2.59,False,False,False,False,Full,Declining,True,16,2025-03-07,Meeting Scheduled,44,0,0,34,Medium,0.0
STU0437,Joanne Bradley,joanne.bradley@student.chester.ac.uk,Psychology,3,2024-10-04,80.05,7,3.86,4,1,58,2.33,False,False,True,False,Full,Declining,False,7,,,27,0,0,21,Low,0.0
STU0438,Georgina Sims,georgina.sims@student.chester.ac.uk,Psychology,1,2024-09-05,80.72,3,2.6,6,0,70,2.54,False,True,True,False,None,Declining,False,13,,,30,0,0,23,Low,0.0
STU0439,Craig McLean,craig.mclean@student.chester.ac.uk,Engineering,2,2024-10-13,83.62,5,2.17,4,1,49,2.11,True,True,False,False,Partial,Declining,False,7,2025-02-13,Responded,41,0,0,32,Low,0.0
STU0440,Brandon Clark,brandon.clark@student.chester.ac.uk,Engineering,2,2024-10-11,66.35,1,3.98,4,0,53,2.45,False,False,True,False,None,Declining,False,20,,,45,0,0,35,Medium,0.0
STU0441,Sophie Taylor,sophie.taylor@student.chester.ac.uk,Business Analytics,3,2024-09-18,88.25,6,5.54,5,0,68,2.47,False,False,False,True,None,Declining,False,6,2025-03-21,Meeting Scheduled,24,0,0,19,Low,0.0
STU0442,David Moss,david.moss@student.chester.ac.uk,Data Science,3,2024-09-16,95.64,10,4.56,6,0,68,2.72,True,True,False,False,None,Declining,True,19,,,18,1,0,25,Low,49.0
STU0443,Joanna Hall,joanna.hall@student.chester.ac.uk,Computer Science,1,2024-09-20,87.91,15,10.83,6,0,91,3.24,True,False,False,False,Full,Improving,True,8,,,4,0,0,3,Low,0.0
STU0444,Alexander Kay,alexander.kay@student.chester.ac.uk,Computer Science,2,2024-10-23,82.33,4,3.25,4,0,73,2.87,False,False,False,False,Full,Declining,False,15,2025-03-17,No Response,34,0,0,27,Low,0.0
STU0445,Linda Johnson,linda.johnson@student.chester.ac.uk,Psychology,1,2024-10-03,82.88,2,1.55,6,0,53,2.5,False,False,False,True,Partial,Declining,False,5,,,55,1,0,54,Medium,49.0
STU0446,Dawn Johnson,dawn.johnson@student.chester.ac.uk,Business Analytics,1,2024-10-25,82.0,8,4.06,3,1,71,2.38,True,True,False,False,Partial,Declining,True,4,,,26,0,0,20,Low,0.0
STU0447,Lee Martin,lee.martin@student.chester.ac.uk,Data Science,3,2024-10-04,82.37,2,1.9,3,1,62,2.43,False,False,False,False,Partial,Declining,False,8,,,52,1,1,43,Medium,11.0
STU0448,Georgina Clarke,georgina.clarke@student.chester.ac.uk,Psychology,2,2024-10-02,77.81,7,3.13,6,0,64,2.93,True,False,True,False,Full,Improving,True,6,2025-02-21,Responded,10,1,0,19,Low,49.0
STU0449,Gerard Williams,gerard.williams@student.chester.ac.uk,Engineering,2,2024-10-10,90.5,8,5.95,4,1,68,2.87,False,False,False,True,Partial,Improving,True,5,,,10,0,0,8,Low,0.0
STU0450,Amelia Jones,amelia.jones@student.chester.ac.uk,Engineering,1,2024-10-17,88.09,10,8.88,8,0,73,2.62,True,False,False,False,None,Improving,True,12,2025-03-01,Responded,2,1,0,12,Low,49.0
STU0451,Matthew Simpson,matthew.simpson@student.chester.ac.uk,Data Science,2,2024-10-08,67.38,0,0.0,3,1,42,1.69,True,False,False,False,Partial,Stable,False,6,,,69,3,2,64,Medium,45.67
STU0452,Tina Roberts,tina.roberts@student.chester.ac.uk,Engineering,3,2024-10-12,74.4,2,1.7,3,1,76,2.99,False,True,True,True,Full,Declining,False,18,2025-03-05,No Response,42,0,0,33,Low,0.0
STU0453,Carolyn Steele,carolyn.steele@student.chester.ac.uk,Business Analytics,2,2024-10-25,84.4,11,6.32,5,0,92,3.29,True,False,False,False,None,Stable,False,14,,,15,0,0,12,Low,0.0
STU0454,Lynn Brown,lynn.brown@student.chester.ac.uk,Engineering,3,2024-09-05,69.61,2,1.9,5,0,97,3.03,False,False,False,False,None,Declining,False,9,2025-02-26,No Response,47,0,0,37,Medium,0.0
STU0455,Jane Green,jane.green@student.chester.ac.uk,Data Science,3,2024-09-28,73.38,0,1.17,5,1,52,1.9,False,False,True,False,None,Declining,False,11,,,57,0,0,44,Medium,0.0
STU0456,Geoffrey Hall,geoffrey.hall@student.chester.ac.uk,Business Analytics,3,2024-10-03,38.58,1,2.09,3,1,25,1.53,True,True,True,False,Partial,Declining,False,13,2025-02-12,Meeting Scheduled,74,1,0,68,High,49.0
STU0457,Terence Miah,terence.miah@student.chester.ac.uk,Computer Science,3,2024-10-07,62.0,0,0.98,5,0,32,1.8,False,True,False,False,None,Stable,False,13,,,69,2,2,59,Medium,22.0
STU0458,Carl Morley,carl.morley@student.chester.ac.uk,Business Analytics,2,2024-10-22,90.48,18,6.22,4,0,81,2.72,False,True,False,True,None,Declining,True,15,,,17,0,0,13,Low,0.0
STU0459,Iain Bond,iain.bond@student.chester.ac.uk,Psychology,2,2024-09-02,73.81,2,4.32,6,0,66,2.45,False,True,False,True,Partial,Declining,False,6,,,38,0,0,30,Low,0.0
STU0460,Abdul Allan,abdul.allan@student.chester.ac.uk,Engineering,3,2024-10-22,67.69,3,0.72,6,0,56,2.93,False,True,False,False,Full,Declining,False,20,,,50,0,0,39,Medium,0.0
STU0461,Pamela Robinson,pamela.robinson@student.chester.ac.uk,Psychology,1,2024-09-05,68.22,3,1.66,3,0,54,2.8,False,False,False,False,None,Stable,False,5,,,50,1,0,50,Medium,49.0
STU0462,Norman Murphy,norman.murphy@student.chester.ac.uk,Data Science,1,2024-09-06,60.05,3,1.3,0,1,41,1.77,False,True,False,True,Full,Declining,False,12,2025-02-22,No Response,61,1,0,58,Medium,49.0
STU0463,Jacob Cooper,jacob.cooper@student.chester.ac.uk,Engineering,2,2024-09-11,68.7,3,3.28,7,0,59,1.79,True,False,False,True,Full,Declining,False,20,,,35,0,0,27,Low,0.0
STU0464,June Buckley,june.buckley@student.chester.ac.uk,Psychology,3,2024-10-28,88.43,7,7.1,5,0,62,2.68,False,False,False,False,Partial,Declining,True,12,,,16,0,0,12,Low,0.0
STU0465,Barry Taylor,barry.taylor@student.chester.ac.uk,Computer Science,1,2024-09-27,76.64,5,1.82,5,1,68,2.74,True,False,False,True,None,Declining,False,18,,,36,0,0,28,Low,0.0
STU0466,Martyn Clements,martyn.clements@student.chester.ac.uk,Computer Science,3,2024-09-05,78.96,16,9.81,6,0,93,3.36,True,True,False,False,Full,Stable,True,19,2025-02-16,Responded,9,0,0,7,Low,0.0
STU0467,Elizabeth Cook,elizabeth.cook@student.chester.ac.uk,Business Analytics,2,2024-09-28,79.18,3,3.21,5,0,67,2.72,False,False,False,True,Partial,Declining,True,10,,,32,0,0,25,Low,0.0
STU0468,Kathleen Phillips,kathleen.phillips@student.chester.ac.uk,Computer Science,1,2024-09-24,78.42,4,1.71,2,1,58,2.97,False,True,True,False,Full,Improving,True,15,,,27,0,0,21,Low,0.0
STU0469,Paul Bird,paul.bird@student.chester.ac.uk,Business Analytics,3,2024-09-16,63.73,3,2.7,3,0,56,1.87,False,False,False,False,None,Declining,False,20,2025-02-18,Meeting Scheduled,44,0,0,34,Medium,0.0
STU0470,Joel Smart,joel.smart@student.chester.ac.uk,Data Science,1,2024-09-01,91.75,2,1.94,2,0,52,2.17,False,True,False,False,Full,Improving,False,13,,,39,0,0,30,Low,0.0
STU0471,Rosemary Watkins,rosemary.watkins@student.chester.ac.uk,Business Analytics,2,2024-10-31,70.33,1,0.24,1,0,49,1.64,False,True,False,True,Full,Declining,False,9,,,61,2,1,57,Medium,41.0
STU0472,Wendy Taylor,wendy.taylor@student.chester.ac.uk,Data Science,3,2024-09-27,82.28,5,1.43,3,0,69,2.2,False,False,False,False,None,Declining,False,11,,,37,0,0,29,Low,0.0
STU0473,Katie Powell,katie.powell@student.chester.ac.uk,Business Analytics,2,2024-10-11,67.03,11,3.41,7,0,85,3.53,True,True,False,True,Partial,Improving,False,15,,,15,0,0,12,Low,0.0
STU0474,Leigh Ross,leigh.ross@student.chester.ac.uk,Engineering,2,2024-10-24,66.93,24,12.18,8,0,100,3.85,False,False,True,False,None,Improving,True,8,,,0,0,0,0,Low,0.0
STU0475,Paige Patel,paige.patel@student.chester.ac.uk,Engineering,3,2024-10-11,73.51,5,0.97,7,1,57,2.31,True,True,True,False,Full,Declining,False,3,2025-02-23,Responded,31,0,0,24,Low,0.0
STU0476,Danny Taylor,danny.taylor@student.chester.ac.uk,Engineering,3,2024-09-23,92.1,3,3.13,4,1,59,3.21,False,False,False,False,Partial,Improving,True,17,,,36,0,0,28,Low,0.0
STU0477,Amelia Smith,amelia.smith@student.chester.ac.uk,Business Analytics,1,2024-10-31,54.77,0,0.21,3,2,44,1.99,True,False,True,True,None,Declining,False,18,,,71,1,1,58,Medium,11.0
STU0478,Jacqueline Barnes,jacqueline.barnes@student.chester.ac.uk,Psychology,1,2024-09-10,47.01,0,0.0,1,2,42,2.35,True,False,False,False,Partial,Stable,False,15,,,86,1,0,78,High,49.0
STU0479,Victoria Thomas,victoria.thomas@student.chester.ac.uk,Computer Science,2,2024-10-01,62.2,1,2.19,3,1,54,2.36,True,False,False,False,None,Improving,False,18,,,48,0,0,37,Medium,0.0
STU0480,Elaine Cole,elaine.cole@student.chester.ac.uk,Business Analytics,2,2024-09-12,67.97,0,0.0,2,1,29,1.47,False,True,False,False,Full,Improving,False,16,2025-03-14,No Response,66,1,0,62,Medium,49.0
STU0481,Margaret Cooper,margaret.cooper@student.chester.ac.uk,Business Analytics,3,2024-09-22,71.48,1,0.38,4,0,44,2.14,False,False,False,False,None,Declining,False,6,,,68,1,0,64,Medium,49.0
STU0482,Cheryl James,cheryl.james@student.chester.ac.uk,Psychology,2,2024-10-18,75.05,6,1.41,5,0,71,2.48,True,True,False,True,Full,Stable,True,8,2025-03-15,Responded,21,0,0,16,Low,0.0
STU0483,Naomi Robinson,naomi.robinson@student.chester.ac.uk,Business Analytics,1,2024-09-26,90.4,8,3.66,6,0,56,2.4,False,True,False,True,None,Declining,False,8,,,29,0,0,23,Low,0.0
STU0484,Olivia Arnold,olivia.arnold@student.chester.ac.uk,Psychology,2,2024-10-16,83.18,4,1.48,5,0,54,2.39,False,False,False,True,Full,Declining,False,3,,,44,1,0,45,Medium,49.0
STU0485,Malcolm Kerr,malcolm.kerr@student.chester.ac.uk,Data Science,3,2024-09-06,88.89,11,6.67,4,0,84,2.56,False,False,False,False,None,Improving,False,19,2025-02-21,Responded,11,1,0,19,Low,49.0
STU0486,Marie Ross,marie.ross@student.chester.ac.uk,Psychology,1,2024-10-11,57.09,0,0.0,3,1,58,1.77,True,True,False,False,None,Declining,False,21,,,64,1,0,61,Medium,49.0
STU0487,Oliver Cameron,oliver.cameron@student.chester.ac.uk,Business Analytics,1,2024-09-22,60.95,0,0.0,3,0,83,2.55,False,True,False,False,Partial,Declining,False,10,2025-03-12,No Response,62,0,0,48,Medium,0.0
STU0488,Chloe Spencer,chloe.spencer@student.chester.ac.uk,Computer Science,3,2024-09-21,69.04,8,8.35,3,0,65,2.79,False,False,False,False,Partial,Stable,False,3,2025-02-18,No Response,20,0,0,16,Low,0.0
STU0489,Caroline Brown,caroline.brown@student.chester.ac.uk,Psychology,1,2024-09-22,63.29,0,1.01,1,0,42,1.79,False,False,False,False,Partial,Declining,False,15,,,71,0,0,55,Medium,0.0
STU0490,Gareth Bolton,gareth.bolton@student.chester.ac.uk,Computer Science,2,2024-09-23,74.34,3,2.28,7,0,59,2.15,False,True,False,True,Partial,Stable,False,21,2025-02-15,No Response,29,0,0,23,Low,0.0
STU0491,Abbie Morgan,abbie.morgan@student.chester.ac.uk,Engineering,3,2024-10-27,71.19,6,3.91,1,1,79,3.24,False,False,False,False,Full,Stable,False,8,,,30,0,0,23,Low,0.0
STU0492,Keith Jones,keith.jones@student.chester.ac.uk,Engineering,1,2024-09-28,80.17,3,1.04,4,0,70,2.63,False,False,False,False,Full,Declining,False,4,2025-02-08,Responded,47,0,0,37,Medium,0.0
STU0493,Arthur Cook,arthur.cook@student.chester.ac.uk,Engineering,3,2024-09-19,100.0,19,10.96,8,0,100,3.05,False,False,False,False,None,Improving,True,10,,,2,0,0,2,Low,0.0
STU0494,Hazel Simmons,hazel.simmons@student.chester.ac.uk,Engineering,3,2024-10-15,92.99,15,7.1,6,0,86,3.22,False,False,False,False,None,Improving,True,6,,,4,1,0,14,Low,49.0
STU0495,Jonathan Barton,jonathan.barton@student.chester.ac.uk,Computer Science,3,2024-10-15,81.37,0,0.85,4,0,54,2.14,False,False,False,False,Partial,Declining,False,18,2025-03-19,No Response,60,0,0,47,Medium,0.0
STU0496,Frances Taylor,frances.taylor@student.chester.ac.uk,Psychology,2,2024-09-22,57.79,0,0.0,4,1,40,1.29,False,True,False,False,Partial,Declining,False,18,,,73,3,0,73,High,71.0
STU0497,Jessica Watson,jessica.watson@student.chester.ac.uk,Psychology,2,2024-09-20,55.52,1,0.83,1,1,37,1.9,False,False,False,True,None,Declining,False,12,,,81,2,2,68,High,22.0
STU0498,Kayleigh Edwards,kayleigh.edwards@student.chester.ac.uk,Data Science,3,2024-10-07,78.51,8,3.6,5,0,72,2.78,False,True,False,True,Partial,Declining,True,10,,,21,0,0,16,Low,0.0
STU0499,Holly Carr,holly.carr@student.chester.ac.uk,Computer Science,3,2024-10-28,93.57,5,1.6,5,1,69,3.36,False,True,False,True,Full,Declining,True,8,,,36,0,0,28,Low,0.0
STU0500,Alan Richards,alan.richards@student.chester.ac.uk,Computer Science,2,2024-09-19,100.0,22,12.33,8,0,93,3.31,False,False,False,False,None,Stable,True,12,,,7,0,0,5,Low,0.0
